vessel_call_id,vessel_name,voyage_no,customer_id,terminal_id,eta,ata,atd,total_moves_planned,total_moves_actual,status
1,OOCL HONG KONG,V178E,12,2,2025-04-01 02:30:00,2025-04-01 02:14:31.234,2025-04-02 11:14:31.234,501,514,Departed
2,WAN HAI 805,V477E,6,2,2025-04-01 13:00:00,2025-04-01 10:51:50.597,2025-04-03 07:51:50.597,876,910,Departed
3,ONE APUS,V618E,10,2,2025-04-01 12:30:00,2025-04-01 13:56:29.343,2025-04-03 09:56:29.343,2501,2367,Departed
4,ZIM ROTTERDAM,V924E,1,3,2025-04-01 07:15:00,2025-04-01 09:22:46.445,2025-04-03 08:22:46.445,820,724,Departed
5,HMM ALGECIRAS,V539E,8,1,2025-04-02 15:15:00,2025-04-02 15:50:52.023,2025-04-04 10:50:52.023,2322,2274,Departed
6,WAN HAI 805,V658E,5,3,2025-04-02 12:30:00,2025-04-02 09:44:43.297,2025-04-04 05:44:43.297,2046,2002,Departed
7,ONE APUS,V307E,5,2,2025-04-02 00:00:00,2025-04-02 02:26:01.889,2025-04-03 21:26:01.889,2541,2753,Departed
8,YM WISDOM,V468E,4,2,2025-04-02 22:45:00,2025-04-02 19:24:44.452,2025-04-04 16:24:44.452,2178,2216,Departed
9,OOCL HONG KONG,V134E,5,2,2025-04-03 14:00:00,2025-04-03 11:03:31.882,2025-04-05 09:03:31.882,1460,1503,Departed
10,YM WISDOM,V287E,7,3,2025-04-03 15:00:00,2025-04-03 12:25:38.495,2025-04-05 01:25:38.495,795,725,Departed
11,CMA CGM MARCO POLO,V865E,7,1,2025-04-03 14:00:00,2025-04-03 15:50:01.606,2025-04-05 15:50:01.606,740,762,Departed
12,HMM ALGECIRAS,V912E,4,1,2025-04-03 03:00:00,2025-04-03 03:03:30.024,2025-04-04 15:03:30.024,1033,903,Departed
13,COSCO SHIPPING UNIVERSE,V780E,10,3,2025-04-04 15:15:00,2025-04-04 13:04:45.953,2025-04-05 11:04:45.953,2467,2427,Departed
14,HYUNDAI VICTORY,V186E,7,3,2025-04-04 05:15:00,2025-04-04 06:10:34.278,2025-04-05 15:10:34.278,2479,2209,Departed
15,ONE APUS,V927E,3,3,2025-04-05 06:45:00,2025-04-05 07:41:37.257,2025-04-06 01:41:37.257,610,611,Departed
16,COSCO SHIPPING UNIVERSE,V761E,6,1,2025-04-05 00:45:00,2025-04-04 23:57:04.717,2025-04-06 09:57:04.717,897,930,Departed
17,YM WISDOM,V577E,10,3,2025-04-05 05:15:00,2025-04-05 04:06:20.754,2025-04-06 15:06:20.754,2279,2236,Departed
18,CMA CGM MARCO POLO,V794E,12,1,2025-04-06 17:45:00,2025-04-06 20:34:15.283,2025-04-07 21:34:15.283,585,593,Departed
19,OOCL HONG KONG,V657E,1,2,2025-04-06 20:15:00,2025-04-06 17:15:07.133,2025-04-07 08:15:07.133,928,935,Departed
20,OOCL HONG KONG,V642E,4,3,2025-04-06 04:15:00,2025-04-06 03:34:14.922,2025-04-07 10:34:14.922,2142,2083,Departed
21,ZIM ROTTERDAM,V524E,2,2,2025-04-06 09:15:00,2025-04-06 08:22:42.590,2025-04-08 05:22:42.590,2102,2170,Departed
22,YM WISDOM,V281E,6,3,2025-04-07 15:45:00,2025-04-07 18:21:01.337,2025-04-09 01:21:01.337,787,835,Departed
23,CMA CGM MARCO POLO,V336E,1,1,2025-04-07 14:30:00,2025-04-07 11:34:13.744,2025-04-08 12:34:13.744,511,535,Departed
24,COSCO SHIPPING UNIVERSE,V966E,3,2,2025-04-07 17:15:00,2025-04-07 19:41:56.594,2025-04-08 22:41:56.594,2734,2871,Departed
25,HMM ALGECIRAS,V374E,11,3,2025-04-08 04:00:00,2025-04-08 04:10:38.368,2025-04-09 21:10:38.368,1101,1076,Departed
26,EVER GIVEN,V800E,1,2,2025-04-08 23:15:00,2025-04-08 22:40:23.666,2025-04-10 08:40:23.666,1533,1504,Departed
27,HMM ALGECIRAS,V957E,2,2,2025-04-08 10:15:00,2025-04-08 10:12:03.104,2025-04-10 02:12:03.104,1452,1478,Departed
28,MSC OSCAR,V158E,2,1,2025-04-09 00:30:00,2025-04-09 02:40:43.079,2025-04-10 14:40:43.079,1690,1779,Departed
29,YM WISDOM,V721E,11,3,2025-04-09 22:00:00,2025-04-09 23:33:07.286,2025-04-11 02:33:07.286,2295,2249,Departed
30,ONE APUS,V792E,2,3,2025-04-09 11:30:00,2025-04-09 07:46:57.452,2025-04-10 19:46:57.452,636,685,Departed
31,WAN HAI 805,V547E,1,2,2025-04-10 22:30:00,2025-04-10 21:15:35.671,2025-04-11 18:15:35.671,1616,1777,Departed
32,ONE APUS,V426E,10,1,2025-04-10 17:30:00,2025-04-10 17:43:13.585,2025-04-11 14:43:13.585,1064,1081,Departed
33,HMM ALGECIRAS,V225E,2,1,2025-04-10 04:30:00,2025-04-10 00:30:00.000,2025-04-11 09:30:00.000,517,477,Departed
34,ONE APUS,V692E,3,2,2025-04-10 13:45:00,2025-04-10 11:16:05.374,2025-04-11 15:16:05.374,912,967,Departed
35,ZIM ROTTERDAM,V129E,11,3,2025-04-11 17:45:00,2025-04-11 20:26:47.309,2025-04-13 00:26:47.309,495,467,Departed
36,MSC OSCAR,V383E,9,2,2025-04-11 13:30:00,2025-04-11 14:33:20.788,2025-04-12 09:33:20.788,1134,1126,Departed
37,MSC OSCAR,V765E,9,2,2025-04-12 10:30:00,2025-04-12 14:05:46.377,2025-04-13 19:05:46.377,2327,2404,Departed
38,MSC OSCAR,V327E,11,3,2025-04-12 04:45:00,2025-04-12 04:14:55.781,2025-04-13 08:14:55.781,2700,2577,Departed
39,HYUNDAI VICTORY,V451E,4,2,2025-04-12 11:45:00,2025-04-12 10:06:19.484,2025-04-14 06:06:19.484,2778,2645,Departed
40,HYUNDAI VICTORY,V292E,3,3,2025-04-12 13:15:00,2025-04-12 13:02:40.262,2025-04-14 01:02:40.262,2543,2544,Departed
41,ONE APUS,V914E,1,3,2025-04-13 05:00:00,2025-04-13 04:14:13.311,2025-04-14 10:14:13.311,965,1022,Departed
42,WAN HAI 805,V857E,2,1,2025-04-13 17:15:00,2025-04-13 19:03:36.645,2025-04-15 04:03:36.645,2745,2573,Departed
43,MSC OSCAR,V502E,7,3,2025-04-13 16:15:00,2025-04-13 17:10:09.129,2025-04-14 16:10:09.129,1994,1983,Departed
44,COSCO SHIPPING UNIVERSE,V660E,5,2,2025-04-13 01:15:00,2025-04-13 02:07:21.476,2025-04-15 02:07:21.476,1569,1624,Departed
45,MAERSK MADRID,V497E,4,3,2025-04-14 20:00:00,2025-04-14 21:39:30.688,2025-04-16 14:39:30.688,1856,1746,Departed
46,ZIM ROTTERDAM,V274E,12,3,2025-04-14 00:15:00,2025-04-13 23:48:28.581,2025-04-14 14:48:28.581,877,899,Departed
47,ZIM ROTTERDAM,V783E,12,3,2025-04-14 00:30:00,2025-04-14 02:03:51.694,2025-04-16 02:03:51.694,1031,1048,Departed
48,HMM ALGECIRAS,V354E,3,1,2025-04-15 10:45:00,2025-04-15 13:43:31.797,2025-04-16 07:43:31.797,1961,2077,Departed
49,HYUNDAI VICTORY,V731E,5,3,2025-04-15 03:30:00,2025-04-15 01:10:47.331,2025-04-17 00:10:47.331,1411,1424,Departed
50,COSCO SHIPPING UNIVERSE,V799E,8,3,2025-04-15 11:00:00,2025-04-15 15:56:29.608,2025-04-17 12:56:29.608,1678,1774,Departed
51,HYUNDAI VICTORY,V871E,11,1,2025-04-15 05:30:00,2025-04-15 03:09:30.720,2025-04-16 13:09:30.720,2420,2483,Departed
52,COSCO SHIPPING UNIVERSE,V280E,4,2,2025-04-16 07:30:00,2025-04-16 07:36:10.462,2025-04-17 21:36:10.462,1271,1212,Departed
53,MAERSK MADRID,V552E,12,3,2025-04-16 21:15:00,2025-04-16 19:37:38.605,2025-04-17 16:37:38.605,1710,1741,Departed
54,HYUNDAI VICTORY,V961E,8,2,2025-04-16 04:30:00,2025-04-16 05:01:39.471,2025-04-17 02:01:39.471,1497,1646,Departed
55,HMM ALGECIRAS,V569E,11,2,2025-04-17 12:00:00,2025-04-17 10:17:57.828,2025-04-19 02:17:57.828,1779,1754,Departed
56,EVER GIVEN,V795E,8,3,2025-04-17 20:15:00,2025-04-17 17:40:43.422,2025-04-18 10:40:43.422,2037,2104,Departed
57,WAN HAI 805,V277E,1,2,2025-04-17 17:30:00,2025-04-17 19:17:36.735,2025-04-19 11:17:36.735,2349,2462,Departed
58,COSCO SHIPPING UNIVERSE,V112E,1,1,2025-04-18 20:00:00,2025-04-18 17:27:35.420,2025-04-20 03:27:35.420,472,424,Departed
59,CMA CGM MARCO POLO,V909E,8,3,2025-04-18 08:30:00,2025-04-18 11:12:02.531,2025-04-20 11:12:02.531,446,462,Departed
60,EVER GIVEN,V259E,6,1,2025-04-18 14:15:00,2025-04-18 13:17:16.750,2025-04-19 22:17:16.750,745,730,Departed
61,ONE APUS,V828E,9,3,2025-04-19 18:15:00,2025-04-19 19:29:13.931,2025-04-21 11:29:13.931,582,596,Departed
62,MAERSK MADRID,V663E,12,3,2025-04-19 07:45:00,2025-04-19 06:45:01.439,2025-04-20 18:45:01.439,1701,1635,Departed
63,HMM ALGECIRAS,V591E,5,2,2025-04-19 10:30:00,2025-04-19 12:45:34.092,2025-04-20 03:45:34.092,2368,2399,Departed
64,COSCO SHIPPING UNIVERSE,V359E,8,1,2025-04-19 11:30:00,2025-04-19 08:15:48.147,2025-04-20 17:15:48.147,1294,1285,Departed
65,MSC OSCAR,V934E,7,1,2025-04-20 23:30:00,2025-04-21 02:14:56.458,2025-04-23 00:14:56.458,2539,2518,Departed
66,HMM ALGECIRAS,V432E,8,2,2025-04-20 21:30:00,2025-04-20 20:59:08.434,2025-04-21 21:59:08.434,1454,1476,Departed
67,ZIM ROTTERDAM,V633E,7,3,2025-04-20 03:15:00,2025-04-20 04:42:37.894,2025-04-21 21:42:37.894,2480,2496,Departed
68,ZIM ROTTERDAM,V229E,9,1,2025-04-20 08:45:00,2025-04-20 10:43:05.113,2025-04-21 20:43:05.113,1889,1996,Departed
69,ONE APUS,V645E,10,3,2025-04-21 17:15:00,2025-04-21 18:42:45.167,2025-04-22 17:42:45.167,989,1040,Departed
70,MAERSK MADRID,V916E,11,3,2025-04-21 01:00:00,2025-04-21 00:40:48.252,2025-04-22 01:40:48.252,970,1010,Departed
71,HYUNDAI VICTORY,V653E,12,2,2025-04-21 04:45:00,2025-04-21 06:15:34.128,2025-04-22 07:15:34.128,1030,1098,Departed
72,ONE APUS,V756E,10,2,2025-04-21 17:00:00,2025-04-21 16:14:51.520,2025-04-23 16:14:51.520,776,820,Departed
73,OOCL HONG KONG,V865E,7,1,2025-04-22 10:15:00,2025-04-22 10:07:27.340,2025-04-23 00:07:27.340,638,629,Departed
74,EVER GIVEN,V461E,10,3,2025-04-22 22:30:00,2025-04-22 22:16:23.673,2025-04-24 20:16:23.673,1183,1195,Departed
75,EVER GIVEN,V532E,11,2,2025-04-22 06:15:00,2025-04-22 06:24:51.030,2025-04-24 03:24:51.030,1271,1364,Departed
76,MAERSK MADRID,V648E,7,3,2025-04-23 13:45:00,2025-04-23 15:41:00.870,2025-04-25 00:41:00.870,2204,2068,Departed
77,ZIM ROTTERDAM,V721E,8,1,2025-04-23 06:15:00,2025-04-23 06:51:18.100,2025-04-24 06:51:18.100,871,882,Departed
78,MAERSK MADRID,V308E,11,2,2025-04-23 06:45:00,2025-04-23 11:58:27.848,2025-04-24 18:58:27.848,1576,1615,Departed
79,COSCO SHIPPING UNIVERSE,V507E,1,2,2025-04-24 16:45:00,2025-04-24 19:39:06.833,2025-04-26 16:39:06.833,965,904,Departed
80,EVER GIVEN,V912E,3,3,2025-04-24 07:30:00,2025-04-24 04:51:53.183,2025-04-24 21:51:53.183,2694,2744,Departed
81,COSCO SHIPPING UNIVERSE,V873E,5,3,2025-04-24 02:45:00,2025-04-24 00:17:06.475,2025-04-25 23:17:06.475,2572,2603,Departed
82,EVER GIVEN,V933E,5,2,2025-04-24 01:00:00,2025-04-24 00:21:21.636,2025-04-25 18:21:21.636,2711,2683,Departed
83,ONE APUS,V918E,11,3,2025-04-25 14:45:00,2025-04-25 13:38:04.726,2025-04-26 23:38:04.726,950,943,Departed
84,MSC OSCAR,V207E,7,1,2025-04-25 05:30:00,2025-04-25 06:06:39.766,2025-04-26 00:06:39.766,2533,2537,Departed
85,WAN HAI 805,V977E,6,3,2025-04-26 04:30:00,2025-04-26 05:56:16.073,2025-04-28 00:56:16.073,1393,1379,Departed
86,ONE APUS,V344E,9,2,2025-04-26 13:00:00,2025-04-26 10:18:53.669,2025-04-28 04:18:53.669,1172,1177,Departed
87,HMM ALGECIRAS,V587E,10,2,2025-04-27 15:00:00,2025-04-27 13:35:43.431,2025-04-28 05:35:43.431,2568,2568,Departed
88,YM WISDOM,V903E,3,2,2025-04-27 07:30:00,2025-04-27 07:16:09.223,2025-04-27 22:16:09.223,1847,1944,Departed
89,ZIM ROTTERDAM,V270E,9,1,2025-04-28 18:30:00,2025-04-28 19:24:49.042,2025-04-29 19:24:49.042,2273,2131,Departed
90,ONE APUS,V927E,2,1,2025-04-28 13:45:00,2025-04-28 15:13:50.257,2025-04-29 08:13:50.257,1475,1466,Departed
91,MAERSK MADRID,V637E,5,2,2025-04-28 02:30:00,2025-04-28 04:40:44.585,2025-04-29 07:40:44.585,2703,2961,Departed
92,EVER GIVEN,V558E,9,3,2025-04-28 01:30:00,2025-04-28 06:52:41.908,2025-04-30 01:52:41.908,2511,2424,Departed
93,MSC OSCAR,V979E,4,3,2025-04-29 20:45:00,2025-04-29 21:35:10.499,2025-04-30 15:35:10.499,1543,1552,Departed
94,CMA CGM MARCO POLO,V107E,5,3,2025-04-29 20:00:00,2025-04-29 18:28:30.842,2025-05-01 18:28:30.842,1086,1093,Departed
95,ZIM ROTTERDAM,V750E,9,3,2025-04-29 17:15:00,2025-04-29 16:35:19.784,2025-05-01 04:35:19.784,1335,1335,Departed
96,ZIM ROTTERDAM,V502E,8,1,2025-04-29 07:00:00,2025-04-29 08:57:57.293,2025-04-30 03:57:57.293,2206,2216,Departed
97,HMM ALGECIRAS,V282E,3,1,2025-04-30 05:15:00,2025-04-30 03:26:14.260,2025-05-01 10:26:14.260,1091,1089,Departed
98,YM WISDOM,V194E,1,2,2025-04-30 02:15:00,2025-04-30 04:49:07.778,2025-05-02 03:49:07.778,1396,1385,Departed
99,YM WISDOM,V991E,12,1,2025-04-30 21:30:00,2025-04-30 22:38:15.440,2025-05-01 20:38:15.440,406,428,Departed
100,ONE APUS,V191E,12,2,2025-04-30 20:45:00,2025-04-30 19:52:56.109,2025-05-02 07:52:56.109,740,710,Departed
101,OOCL HONG KONG,V705E,1,3,2025-05-01 08:15:00,2025-05-01 11:18:55.321,2025-05-02 20:18:55.321,2760,2947,Departed
102,OOCL HONG KONG,V680E,3,2,2025-05-01 23:00:00,2025-05-02 00:48:15.469,2025-05-03 01:48:15.469,2276,2258,Departed
103,HMM ALGECIRAS,V199E,4,3,2025-05-01 15:15:00,2025-05-01 13:24:12.495,2025-05-03 09:24:12.495,863,831,Departed
104,EVER GIVEN,V230E,1,3,2025-05-01 16:30:00,2025-05-01 19:20:51.712,2025-05-02 10:20:51.712,2219,2429,Departed
105,HYUNDAI VICTORY,V254E,7,3,2025-05-02 20:00:00,2025-05-02 19:02:39.311,2025-05-03 23:02:39.311,1730,1745,Departed
106,YM WISDOM,V929E,2,2,2025-05-02 08:45:00,2025-05-02 09:08:27.092,2025-05-03 18:08:27.092,1427,1312,Departed
107,YM WISDOM,V857E,10,2,2025-05-02 15:30:00,2025-05-02 17:51:13.168,2025-05-03 13:51:13.168,2644,2455,Departed
108,MSC OSCAR,V309E,4,3,2025-05-02 09:45:00,2025-05-02 10:13:59.757,2025-05-03 20:13:59.757,1079,1160,Departed
109,CMA CGM MARCO POLO,V494E,3,3,2025-05-03 10:45:00,2025-05-03 11:24:48.748,2025-05-05 11:24:48.748,2604,2762,Departed
110,ONE APUS,V810E,5,2,2025-05-03 14:15:00,2025-05-03 15:00:50.498,2025-05-04 17:00:50.498,1630,1691,Departed
111,ONE APUS,V786E,10,1,2025-05-04 14:45:00,2025-05-04 12:46:13.421,2025-05-05 21:46:13.421,548,516,Departed
112,HMM ALGECIRAS,V626E,6,3,2025-05-04 09:45:00,2025-05-04 10:12:49.744,2025-05-06 10:12:49.744,2492,2680,Departed
113,OOCL HONG KONG,V951E,10,3,2025-05-05 11:30:00,2025-05-05 11:31:08.423,2025-05-06 01:31:08.423,2125,1995,Departed
114,ZIM ROTTERDAM,V539E,7,3,2025-05-05 11:15:00,2025-05-05 09:26:04.684,2025-05-06 00:26:04.684,838,823,Departed
115,CMA CGM MARCO POLO,V320E,3,2,2025-05-05 19:45:00,2025-05-05 16:08:04.391,2025-05-07 09:08:04.391,2501,2539,Departed
116,COSCO SHIPPING UNIVERSE,V131E,9,1,2025-05-06 03:00:00,2025-05-06 03:12:31.927,2025-05-07 15:12:31.927,2513,2576,Departed
117,OOCL HONG KONG,V200E,7,1,2025-05-06 10:30:00,2025-05-06 11:13:16.683,2025-05-07 05:13:16.683,1799,1774,Departed
118,MAERSK MADRID,V571E,11,2,2025-05-07 03:00:00,2025-05-07 03:36:11.515,2025-05-09 00:36:11.515,1796,1744,Departed
119,HMM ALGECIRAS,V285E,2,1,2025-05-07 11:15:00,2025-05-07 12:34:26.997,2025-05-08 08:34:26.997,2655,2775,Departed
120,ONE APUS,V871E,3,1,2025-05-07 00:45:00,2025-05-06 20:45:00.000,2025-05-08 14:45:00.000,2439,2614,Departed
121,MSC OSCAR,V559E,8,2,2025-05-07 23:00:00,2025-05-08 01:02:47.627,2025-05-09 18:02:47.627,681,680,Departed
122,WAN HAI 805,V658E,9,1,2025-05-08 13:00:00,2025-05-08 12:17:04.128,2025-05-09 11:17:04.128,1659,1699,Departed
123,HYUNDAI VICTORY,V894E,7,1,2025-05-08 22:15:00,2025-05-08 20:02:29.875,2025-05-10 12:02:29.875,739,785,Departed
124,HMM ALGECIRAS,V886E,10,2,2025-05-08 10:45:00,2025-05-08 13:16:02.693,2025-05-09 22:16:02.693,1358,1251,Departed
125,HMM ALGECIRAS,V636E,3,3,2025-05-09 13:30:00,2025-05-09 16:10:49.992,2025-05-11 15:10:49.992,2284,2317,Departed
126,HYUNDAI VICTORY,V523E,12,2,2025-05-09 06:45:00,2025-05-09 08:39:34.360,2025-05-10 17:39:34.360,1487,1603,Departed
127,HYUNDAI VICTORY,V212E,10,1,2025-05-09 00:15:00,2025-05-08 22:47:13.922,2025-05-10 08:47:13.922,902,877,Departed
128,OOCL HONG KONG,V444E,7,3,2025-05-09 13:45:00,2025-05-09 11:25:20.479,2025-05-11 00:25:20.479,2163,2060,Departed
129,YM WISDOM,V698E,6,3,2025-05-10 12:30:00,2025-05-10 14:22:09.447,2025-05-12 02:22:09.447,1428,1434,Departed
130,YM WISDOM,V110E,6,2,2025-05-10 14:00:00,2025-05-10 10:49:03.081,2025-05-11 18:49:03.081,2613,2455,Departed
131,ZIM ROTTERDAM,V912E,1,1,2025-05-10 10:45:00,2025-05-10 10:37:36.138,2025-05-11 16:37:36.138,409,426,Departed
132,CMA CGM MARCO POLO,V323E,1,1,2025-05-10 07:15:00,2025-05-10 09:04:13.584,2025-05-12 09:04:13.584,2268,2301,Departed
133,OOCL HONG KONG,V727E,9,3,2025-05-11 20:00:00,2025-05-11 19:46:02.688,2025-05-13 11:46:02.688,1339,1370,Departed
134,EVER GIVEN,V811E,2,1,2025-05-11 02:45:00,2025-05-11 04:50:56.550,2025-05-11 19:50:56.550,1575,1594,Departed
135,COSCO SHIPPING UNIVERSE,V670E,11,2,2025-05-12 06:00:00,2025-05-12 05:01:16.840,2025-05-14 05:01:16.840,1075,1090,Departed
136,HMM ALGECIRAS,V506E,12,1,2025-05-12 02:45:00,2025-05-12 04:45:54.828,2025-05-14 00:45:54.828,2206,2181,Departed
137,OOCL HONG KONG,V751E,3,1,2025-05-12 09:00:00,2025-05-12 09:36:26.920,2025-05-13 16:36:26.920,2292,2175,Departed
138,HMM ALGECIRAS,V254E,4,2,2025-05-13 05:30:00,2025-05-13 06:24:54.389,2025-05-15 01:24:54.389,1981,1989,Departed
139,EVER GIVEN,V468E,7,1,2025-05-13 00:30:00,2025-05-12 23:43:08.447,2025-05-14 03:43:08.447,1196,1183,Departed
140,COSCO SHIPPING UNIVERSE,V362E,2,2,2025-05-13 17:00:00,2025-05-13 17:21:00.478,2025-05-14 21:21:00.478,2300,2259,Departed
141,ZIM ROTTERDAM,V456E,3,1,2025-05-13 04:15:00,2025-05-13 01:22:48.223,2025-05-14 15:22:48.223,1429,1394,Departed
142,OOCL HONG KONG,V582E,6,1,2025-05-14 06:15:00,2025-05-14 08:20:47.797,2025-05-15 06:20:47.797,1575,1541,Departed
143,ZIM ROTTERDAM,V150E,9,2,2025-05-14 07:30:00,2025-05-14 03:30:00.000,2025-05-15 12:30:00.000,1021,1039,Departed
144,HYUNDAI VICTORY,V565E,7,3,2025-05-14 03:15:00,2025-05-14 02:42:30.537,2025-05-15 18:42:30.537,694,719,Departed
145,YM WISDOM,V423E,5,2,2025-05-14 04:00:00,2025-05-14 05:28:57.727,2025-05-15 22:28:57.727,768,753,Departed
146,OOCL HONG KONG,V307E,9,1,2025-05-15 00:30:00,2025-05-15 01:19:56.223,2025-05-16 11:19:56.223,784,836,Departed
147,HYUNDAI VICTORY,V610E,9,2,2025-05-15 21:30:00,2025-05-15 18:49:26.824,2025-05-16 10:49:26.824,1865,1832,Departed
148,HMM ALGECIRAS,V834E,8,3,2025-05-16 15:45:00,2025-05-16 18:25:58.953,2025-05-18 07:25:58.953,1226,1259,Departed
149,ZIM ROTTERDAM,V360E,9,3,2025-05-16 16:30:00,2025-05-16 17:13:54.139,2025-05-17 12:13:54.139,485,456,Departed
150,ONE APUS,V576E,11,1,2025-05-16 20:00:00,2025-05-16 16:02:18.077,2025-05-18 12:02:18.077,2052,2087,Departed
151,EVER GIVEN,V830E,11,2,2025-05-16 03:30:00,2025-05-16 05:02:51.155,2025-05-17 08:02:51.155,1539,1593,Departed
152,YM WISDOM,V801E,1,1,2025-05-17 01:45:00,2025-05-17 00:33:45.061,2025-05-17 22:33:45.061,1214,1262,Departed
153,WAN HAI 805,V716E,5,1,2025-05-17 09:45:00,2025-05-17 08:54:51.845,2025-05-19 01:54:51.845,1223,1333,Departed
154,ONE APUS,V484E,6,1,2025-05-18 19:45:00,2025-05-18 19:37:14.303,2025-05-20 00:37:14.303,1754,1830,Departed
155,ZIM ROTTERDAM,V191E,4,3,2025-05-18 08:15:00,2025-05-18 09:20:34.081,2025-05-19 13:20:34.081,1664,1688,Departed
156,ONE APUS,V577E,8,1,2025-05-19 08:30:00,2025-05-19 07:31:40.772,2025-05-20 14:31:40.772,2302,2149,Departed
157,COSCO SHIPPING UNIVERSE,V812E,2,2,2025-05-19 16:45:00,2025-05-19 16:40:52.142,2025-05-20 13:40:52.142,1547,1466,Departed
158,EVER GIVEN,V822E,1,3,2025-05-19 04:15:00,2025-05-19 07:42:16.448,2025-05-20 17:42:16.448,1325,1286,Departed
159,HYUNDAI VICTORY,V728E,11,2,2025-05-19 00:30:00,2025-05-19 02:41:03.733,2025-05-20 09:41:03.733,2370,2288,Departed
160,YM WISDOM,V630E,12,3,2025-05-20 02:15:00,2025-05-20 02:05:35.022,2025-05-20 16:05:35.022,1134,1178,Departed
161,ONE APUS,V195E,10,2,2025-05-20 12:00:00,2025-05-20 11:59:44.573,2025-05-21 04:59:44.573,465,464,Departed
162,WAN HAI 805,V143E,11,2,2025-05-20 20:15:00,2025-05-20 22:33:12.554,2025-05-21 13:33:12.554,843,848,Departed
163,MSC OSCAR,V303E,10,1,2025-05-21 15:15:00,2025-05-21 15:48:10.678,2025-05-23 09:48:10.678,534,532,Departed
164,CMA CGM MARCO POLO,V137E,5,3,2025-05-21 16:45:00,2025-05-21 14:25:15.848,2025-05-22 10:25:15.848,2122,2163,Departed
165,WAN HAI 805,V509E,2,1,2025-05-21 09:45:00,2025-05-21 09:48:41.101,2025-05-21 23:48:41.101,1160,1184,Departed
166,CMA CGM MARCO POLO,V623E,4,1,2025-05-22 01:30:00,2025-05-22 02:51:29.617,2025-05-22 16:51:29.617,1667,1668,Departed
167,MAERSK MADRID,V499E,4,2,2025-05-22 02:45:00,2025-05-22 00:56:17.009,2025-05-23 12:56:17.009,1130,1132,Departed
168,CMA CGM MARCO POLO,V145E,2,1,2025-05-23 13:45:00,2025-05-23 16:45:47.667,2025-05-24 15:45:47.667,2240,2285,Departed
169,YM WISDOM,V120E,6,2,2025-05-23 19:15:00,2025-05-23 16:51:16.944,2025-05-24 19:51:16.944,2482,2394,Departed
170,EVER GIVEN,V852E,4,1,2025-05-23 15:00:00,2025-05-23 18:14:27.965,2025-05-24 14:14:27.965,2497,2177,Departed
171,ONE APUS,V225E,6,3,2025-05-23 03:15:00,2025-05-23 04:46:18.486,2025-05-24 00:46:18.486,1596,1449,Departed
172,MSC OSCAR,V781E,7,2,2025-05-24 10:30:00,2025-05-24 10:14:02.137,2025-05-25 03:14:02.137,2132,2345,Departed
173,ONE APUS,V335E,6,1,2025-05-24 12:45:00,2025-05-24 09:27:45.427,2025-05-25 08:27:45.427,1696,1778,Departed
174,HMM ALGECIRAS,V574E,4,2,2025-05-24 17:00:00,2025-05-24 17:38:59.240,2025-05-25 17:38:59.240,1940,1977,Departed
175,CMA CGM MARCO POLO,V933E,12,2,2025-05-25 12:15:00,2025-05-25 11:02:10.268,2025-05-26 02:02:10.268,1112,1108,Departed
176,MSC OSCAR,V640E,12,3,2025-05-25 04:30:00,2025-05-25 05:09:21.055,2025-05-26 13:09:21.055,957,979,Departed
177,ONE APUS,V267E,9,1,2025-05-25 14:00:00,2025-05-25 14:38:47.274,2025-05-27 03:38:47.274,580,537,Departed
178,MSC OSCAR,V998E,11,1,2025-05-26 17:45:00,2025-05-26 18:46:06.349,2025-05-27 15:46:06.349,2294,2298,Departed
179,ZIM ROTTERDAM,V155E,2,1,2025-05-26 07:15:00,2025-05-26 06:33:34.829,2025-05-27 19:33:34.829,2190,2247,Departed
180,WAN HAI 805,V299E,11,2,2025-05-26 16:15:00,2025-05-26 17:58:50.235,2025-05-27 09:58:50.235,2494,2430,Departed
181,EVER GIVEN,V804E,10,2,2025-05-27 20:00:00,2025-05-27 20:35:28.287,2025-05-29 08:35:28.287,2044,2103,Departed
182,MSC OSCAR,V566E,1,1,2025-05-27 05:15:00,2025-05-27 05:42:57.066,2025-05-28 20:42:57.066,1769,1856,Departed
183,HYUNDAI VICTORY,V326E,3,2,2025-05-28 09:45:00,2025-05-28 12:28:59.763,2025-05-29 04:28:59.763,669,620,Departed
184,CMA CGM MARCO POLO,V989E,12,2,2025-05-28 03:00:00,2025-05-28 02:18:49.572,2025-05-28 19:18:49.572,2185,1879,Departed
185,WAN HAI 805,V596E,2,3,2025-05-29 22:45:00,2025-05-30 01:19:58.595,2025-05-31 01:19:58.595,1506,1553,Departed
186,CMA CGM MARCO POLO,V341E,11,2,2025-05-29 02:45:00,2025-05-29 01:44:14.342,2025-05-30 17:44:14.342,2633,2739,Departed
187,EVER GIVEN,V432E,5,1,2025-05-30 03:45:00,2025-05-30 04:55:01.862,2025-05-30 19:55:01.862,992,1007,Departed
188,MAERSK MADRID,V459E,1,1,2025-05-30 03:30:00,2025-05-30 03:34:00.508,2025-05-31 00:34:00.508,744,742,Departed
189,ZIM ROTTERDAM,V240E,10,3,2025-05-31 08:00:00,2025-05-31 10:04:12.399,2025-06-01 18:04:12.399,875,755,Departed
190,HMM ALGECIRAS,V118E,9,1,2025-05-31 06:45:00,2025-05-31 06:41:29.687,2025-06-01 10:41:29.687,1935,1899,Departed
191,MAERSK MADRID,V849E,2,3,2025-05-31 04:15:00,2025-05-31 04:53:01.631,2025-06-02 03:53:01.631,1946,2006,Departed
192,YM WISDOM,V912E,9,2,2025-06-01 15:45:00,2025-06-01 18:46:45.016,2025-06-03 07:46:45.016,1648,1685,Departed
193,MAERSK MADRID,V393E,7,3,2025-06-01 22:30:00,2025-06-01 22:14:09.436,2025-06-02 20:14:09.436,2231,2293,Departed
194,HYUNDAI VICTORY,V954E,2,3,2025-06-02 22:15:00,2025-06-02 19:01:45.494,2025-06-04 16:01:45.494,1671,1553,Departed
195,HYUNDAI VICTORY,V849E,11,2,2025-06-02 12:45:00,2025-06-02 16:24:00.914,2025-06-04 11:24:00.914,761,778,Departed
196,CMA CGM MARCO POLO,V727E,4,2,2025-06-02 23:00:00,2025-06-02 22:02:20.095,2025-06-04 06:02:20.095,2753,2646,Departed
197,COSCO SHIPPING UNIVERSE,V564E,1,3,2025-06-03 13:00:00,2025-06-03 12:10:40.215,2025-06-04 16:10:40.215,1335,1379,Departed
198,CMA CGM MARCO POLO,V621E,8,3,2025-06-03 19:15:00,2025-06-03 16:17:54.975,2025-06-05 11:17:54.975,847,899,Departed
199,MSC OSCAR,V738E,10,2,2025-06-03 09:30:00,2025-06-03 08:38:59.073,2025-06-04 17:38:59.073,583,636,Departed
200,YM WISDOM,V282E,1,2,2025-06-04 13:15:00,2025-06-04 15:08:27.853,2025-06-06 07:08:27.853,1993,1790,Departed
201,OOCL HONG KONG,V104E,8,2,2025-06-04 12:45:00,2025-06-04 11:30:13.329,2025-06-05 20:30:13.329,2637,2744,Departed
202,YM WISDOM,V675E,9,1,2025-06-05 01:15:00,2025-06-05 00:09:02.915,2025-06-06 01:09:02.915,538,530,Departed
203,HMM ALGECIRAS,V741E,9,2,2025-06-05 13:30:00,2025-06-05 13:32:51.542,2025-06-07 10:32:51.542,762,838,Departed
204,MSC OSCAR,V126E,10,3,2025-06-06 19:45:00,2025-06-06 19:23:38.572,2025-06-07 20:23:38.572,2486,2500,Departed
205,MAERSK MADRID,V271E,1,2,2025-06-06 00:00:00,2025-06-05 21:30:20.285,2025-06-06 20:30:20.285,2535,2369,Departed
206,HYUNDAI VICTORY,V290E,8,3,2025-06-07 04:00:00,2025-06-07 03:01:55.027,2025-06-08 02:01:55.027,1532,1412,Departed
207,HYUNDAI VICTORY,V322E,2,2,2025-06-07 14:30:00,2025-06-07 11:17:08.154,2025-06-08 18:17:08.154,1260,1311,Departed
208,MAERSK MADRID,V743E,4,1,2025-06-07 13:45:00,2025-06-07 15:32:09.209,2025-06-08 15:32:09.209,746,722,Departed
209,EVER GIVEN,V815E,6,1,2025-06-08 09:30:00,2025-06-08 06:11:53.622,2025-06-09 21:11:53.622,2199,2268,Departed
210,MAERSK MADRID,V756E,6,1,2025-06-08 02:00:00,2025-06-08 02:24:42.750,2025-06-08 20:24:42.750,921,890,Departed
211,WAN HAI 805,V542E,12,2,2025-06-08 16:45:00,2025-06-08 17:51:01.331,2025-06-09 17:51:01.331,2306,2283,Departed
212,CMA CGM MARCO POLO,V638E,4,1,2025-06-09 05:30:00,2025-06-09 05:24:14.145,2025-06-10 18:24:14.145,512,482,Departed
213,OOCL HONG KONG,V230E,11,3,2025-06-09 19:30:00,2025-06-09 20:14:47.714,2025-06-11 17:14:47.714,1604,1644,Departed
214,COSCO SHIPPING UNIVERSE,V494E,6,2,2025-06-10 18:15:00,2025-06-10 15:58:46.625,2025-06-12 06:58:46.625,1289,1303,Departed
215,HYUNDAI VICTORY,V434E,3,2,2025-06-10 01:45:00,2025-06-10 02:58:05.897,2025-06-10 16:58:05.897,689,672,Departed
216,HYUNDAI VICTORY,V483E,10,2,2025-06-11 13:00:00,2025-06-11 14:13:45.627,2025-06-13 03:13:45.627,2583,2434,Departed
217,HYUNDAI VICTORY,V437E,12,1,2025-06-11 00:45:00,2025-06-10 22:36:36.487,2025-06-12 08:36:36.487,872,821,Departed
218,ZIM ROTTERDAM,V219E,1,1,2025-06-12 06:15:00,2025-06-12 09:27:45.329,2025-06-14 02:27:45.329,574,593,Departed
219,HYUNDAI VICTORY,V883E,11,1,2025-06-12 17:15:00,2025-06-12 19:09:09.434,2025-06-13 13:09:09.434,1758,1694,Departed
220,OOCL HONG KONG,V897E,12,3,2025-06-12 13:00:00,2025-06-12 13:18:27.859,2025-06-13 06:18:27.859,869,865,Departed
221,WAN HAI 805,V951E,6,3,2025-06-13 09:30:00,2025-06-13 09:14:13.083,2025-06-14 05:14:13.083,1853,1884,Departed
222,YM WISDOM,V456E,12,3,2025-06-13 07:15:00,2025-06-13 07:16:47.082,2025-06-14 07:16:47.082,1838,1808,Departed
223,HYUNDAI VICTORY,V685E,12,1,2025-06-13 20:15:00,2025-06-13 23:53:00.929,2025-06-15 21:53:00.929,642,622,Departed
224,HYUNDAI VICTORY,V699E,10,2,2025-06-13 07:00:00,2025-06-13 07:18:43.690,2025-06-15 04:18:43.690,1343,1302,Departed
225,OOCL HONG KONG,V491E,11,3,2025-06-14 14:30:00,2025-06-14 15:02:50.153,2025-06-16 14:02:50.153,1737,1706,Departed
226,HYUNDAI VICTORY,V244E,5,2,2025-06-14 09:30:00,2025-06-14 11:26:08.039,2025-06-15 22:26:08.039,2784,2687,Departed
227,HMM ALGECIRAS,V613E,1,3,2025-06-15 12:30:00,2025-06-15 09:54:58.145,2025-06-17 02:54:58.145,964,1034,Departed
228,COSCO SHIPPING UNIVERSE,V285E,9,2,2025-06-15 10:45:00,2025-06-15 12:54:19.736,2025-06-17 04:54:19.736,1278,1313,Departed
229,HYUNDAI VICTORY,V129E,11,2,2025-06-15 12:00:00,2025-06-15 12:29:19.711,2025-06-17 01:29:19.711,494,522,Departed
230,HMM ALGECIRAS,V817E,5,1,2025-06-16 13:45:00,2025-06-16 12:13:21.407,2025-06-17 09:13:21.407,1657,1575,Departed
231,OOCL HONG KONG,V314E,4,1,2025-06-16 14:00:00,2025-06-16 15:15:09.991,2025-06-17 06:15:09.991,2414,2374,Departed
232,HYUNDAI VICTORY,V571E,8,2,2025-06-16 12:15:00,2025-06-16 10:38:12.945,2025-06-18 09:38:12.945,2055,1895,Departed
233,HMM ALGECIRAS,V174E,9,1,2025-06-17 09:30:00,2025-06-17 11:23:31.931,2025-06-18 05:23:31.931,1344,1376,Departed
234,OOCL HONG KONG,V766E,5,1,2025-06-17 13:30:00,2025-06-17 12:13:34.780,2025-06-18 19:13:34.780,1171,1190,Departed
235,HMM ALGECIRAS,V802E,6,2,2025-06-17 23:45:00,2025-06-18 00:42:57.329,2025-06-18 17:42:57.329,2228,2223,Departed
236,COSCO SHIPPING UNIVERSE,V491E,8,3,2025-06-17 03:45:00,2025-06-17 05:37:10.795,2025-06-18 19:37:10.795,2036,2159,Departed
237,EVER GIVEN,V274E,3,1,2025-06-18 05:30:00,2025-06-18 04:29:56.301,2025-06-19 15:29:56.301,2665,2644,Departed
238,MSC OSCAR,V928E,3,3,2025-06-18 11:45:00,2025-06-18 12:02:59.303,2025-06-20 06:02:59.303,2589,2356,Departed
239,EVER GIVEN,V950E,8,2,2025-06-18 16:45:00,2025-06-18 14:09:10.793,2025-06-20 05:09:10.793,891,886,Departed
240,HMM ALGECIRAS,V569E,9,3,2025-06-19 11:30:00,2025-06-19 09:26:41.721,2025-06-19 23:26:41.721,1924,1930,Departed
241,COSCO SHIPPING UNIVERSE,V880E,5,3,2025-06-19 16:15:00,2025-06-19 18:59:20.336,2025-06-21 10:59:20.336,2400,2298,Departed
242,MSC OSCAR,V653E,9,3,2025-06-19 15:30:00,2025-06-19 16:15:29.079,2025-06-20 17:15:29.079,1470,1537,Departed
243,ZIM ROTTERDAM,V566E,2,2,2025-06-20 14:30:00,2025-06-20 10:30:00.000,2025-06-22 02:30:00.000,1540,1516,Departed
244,MSC OSCAR,V940E,4,1,2025-06-20 00:00:00,2025-06-19 22:01:26.986,2025-06-20 20:01:26.986,623,609,Departed
245,CMA CGM MARCO POLO,V885E,6,2,2025-06-20 10:00:00,2025-06-20 09:46:24.747,2025-06-22 06:46:24.747,2312,2343,Departed
246,COSCO SHIPPING UNIVERSE,V810E,5,2,2025-06-21 15:00:00,2025-06-21 20:22:43.636,2025-06-23 10:22:43.636,2785,2854,Departed
247,HMM ALGECIRAS,V283E,10,1,2025-06-21 23:15:00,2025-06-21 23:47:52.281,2025-06-23 19:47:52.281,1549,1574,Departed
248,COSCO SHIPPING UNIVERSE,V886E,2,3,2025-06-21 08:15:00,2025-06-21 07:49:24.155,2025-06-22 17:49:24.155,2755,2817,Departed
249,CMA CGM MARCO POLO,V610E,11,3,2025-06-21 14:15:00,2025-06-21 12:21:48.662,2025-06-22 21:21:48.662,2378,2455,Departed
250,HYUNDAI VICTORY,V578E,4,1,2025-06-22 07:00:00,2025-06-22 08:42:14.146,2025-06-23 21:42:14.146,956,1025,Departed
251,ZIM ROTTERDAM,V599E,8,1,2025-06-22 07:15:00,2025-06-22 07:02:04.012,2025-06-22 21:02:04.012,1611,1547,Departed
252,MSC OSCAR,V685E,7,2,2025-06-23 05:15:00,2025-06-23 03:34:12.060,2025-06-24 06:34:12.060,900,990,Departed
253,HYUNDAI VICTORY,V949E,4,1,2025-06-23 10:00:00,2025-06-23 11:45:27.558,2025-06-24 14:45:27.558,2487,2385,Departed
254,OOCL HONG KONG,V396E,12,3,2025-06-24 10:45:00,2025-06-24 10:04:20.112,2025-06-25 18:04:20.112,700,757,Departed
255,COSCO SHIPPING UNIVERSE,V649E,7,2,2025-06-24 05:45:00,2025-06-24 06:42:56.349,2025-06-25 05:42:56.349,497,503,Departed
256,WAN HAI 805,V405E,11,1,2025-06-25 12:30:00,2025-06-25 13:07:11.898,2025-06-27 03:07:11.898,1136,1121,Departed
257,ONE APUS,V939E,10,2,2025-06-25 17:15:00,2025-06-25 14:20:17.143,2025-06-26 07:20:17.143,1125,1225,Departed
258,YM WISDOM,V928E,2,1,2025-06-25 22:30:00,2025-06-26 00:49:48.822,2025-06-27 15:49:48.822,1849,1990,Departed
259,WAN HAI 805,V694E,5,2,2025-06-25 00:30:00,2025-06-24 21:28:10.006,2025-06-26 19:28:10.006,1311,1442,Departed
260,MSC OSCAR,V964E,11,1,2025-06-26 14:00:00,2025-06-26 13:14:59.139,2025-06-28 02:14:59.139,1744,1823,Departed
261,YM WISDOM,V884E,3,3,2025-06-26 05:15:00,2025-06-26 06:38:48.234,2025-06-28 05:38:48.234,1345,1278,Departed
262,MAERSK MADRID,V252E,7,3,2025-06-27 10:30:00,2025-06-27 10:06:20.123,2025-06-29 09:06:20.123,1101,1091,Departed
263,CMA CGM MARCO POLO,V341E,9,2,2025-06-27 06:00:00,2025-06-27 06:29:09.959,2025-06-27 20:29:09.959,2139,2044,Departed
264,HMM ALGECIRAS,V230E,3,2,2025-06-28 11:30:00,2025-06-28 11:41:10.752,2025-06-29 16:41:10.752,1479,1544,Departed
265,HYUNDAI VICTORY,V610E,5,2,2025-06-28 21:30:00,2025-06-29 01:56:59.266,2025-06-30 11:56:59.266,1877,1991,Departed
266,OOCL HONG KONG,V294E,12,3,2025-06-29 05:00:00,2025-06-29 01:42:53.970,2025-06-30 03:42:53.970,2066,2105,Departed
267,EVER GIVEN,V747E,4,3,2025-06-29 17:45:00,2025-06-29 18:26:46.218,2025-07-01 12:26:46.218,1892,2025,Departed
268,MAERSK MADRID,V981E,7,3,2025-06-29 00:30:00,2025-06-28 21:06:51.282,2025-06-29 14:06:51.282,1743,1748,Departed
269,WAN HAI 805,V873E,2,3,2025-06-29 20:15:00,2025-06-29 20:52:10.567,2025-07-01 16:52:10.567,2062,1859,Departed
270,MAERSK MADRID,V449E,4,3,2025-06-30 17:15:00,2025-06-30 17:54:48.377,2025-07-01 22:54:48.377,2260,2137,Departed
271,MSC OSCAR,V844E,12,2,2025-06-30 06:00:00,2025-06-30 03:24:17.267,2025-07-02 03:24:17.267,1973,1972,Departed
272,YM WISDOM,V578E,4,1,2025-07-01 13:30:00,2025-07-01 14:15:39.462,2025-07-03 11:15:39.462,1607,1542,Departed
273,CMA CGM MARCO POLO,V531E,11,3,2025-07-01 00:30:00,2025-07-01 00:40:05.271,2025-07-01 20:40:05.271,2406,2441,Departed
274,ONE APUS,V191E,5,3,2025-07-02 21:15:00,2025-07-02 23:39:52.957,2025-07-03 19:39:52.957,1715,1886,Departed
275,MAERSK MADRID,V177E,7,3,2025-07-02 10:45:00,2025-07-02 08:06:16.110,2025-07-03 20:06:16.110,1031,1081,Departed
276,MSC OSCAR,V472E,9,3,2025-07-03 22:00:00,2025-07-03 19:38:45.339,2025-07-05 07:38:45.339,2609,2584,Departed
277,HMM ALGECIRAS,V889E,4,3,2025-07-03 07:15:00,2025-07-03 04:28:25.453,2025-07-04 22:28:25.453,2348,2247,Departed
278,MSC OSCAR,V717E,2,1,2025-07-03 02:45:00,2025-07-03 02:29:05.918,2025-07-04 16:29:05.918,592,597,Departed
279,ONE APUS,V709E,7,2,2025-07-04 12:30:00,2025-07-04 16:17:16.668,2025-07-06 10:17:16.668,2494,2333,Departed
280,CMA CGM MARCO POLO,V611E,7,3,2025-07-04 18:00:00,2025-07-04 15:50:53.985,2025-07-06 08:50:53.985,655,662,Departed
281,HYUNDAI VICTORY,V228E,4,2,2025-07-05 10:45:00,2025-07-05 12:38:08.678,2025-07-06 13:38:08.678,2185,2157,Departed
282,OOCL HONG KONG,V661E,4,2,2025-07-05 10:30:00,2025-07-05 10:27:09.967,2025-07-06 21:27:09.967,1555,1492,Departed
283,YM WISDOM,V781E,4,1,2025-07-06 20:15:00,2025-07-06 16:58:14.211,2025-07-07 20:58:14.211,2128,2174,Departed
284,OOCL HONG KONG,V498E,11,1,2025-07-06 00:30:00,2025-07-06 00:27:39.738,2025-07-06 19:27:39.738,893,912,Departed
285,ZIM ROTTERDAM,V938E,4,1,2025-07-06 03:45:00,2025-07-05 23:45:00.000,2025-07-07 09:45:00.000,1672,1631,Departed
286,OOCL HONG KONG,V861E,11,2,2025-07-07 18:00:00,2025-07-07 17:07:18.810,2025-07-09 09:07:18.810,2464,2519,Departed
287,YM WISDOM,V121E,8,3,2025-07-07 22:30:00,2025-07-07 22:07:30.248,2025-07-09 00:07:30.248,744,818,Departed
288,CMA CGM MARCO POLO,V529E,8,2,2025-07-08 02:15:00,2025-07-08 05:55:49.755,2025-07-09 05:55:49.755,1931,1776,Departed
289,COSCO SHIPPING UNIVERSE,V744E,6,3,2025-07-08 21:45:00,2025-07-08 20:45:59.116,2025-07-10 17:45:59.116,927,971,Departed
290,WAN HAI 805,V525E,1,1,2025-07-08 02:15:00,2025-07-08 05:41:32.334,2025-07-09 19:41:32.334,1995,2061,Departed
291,YM WISDOM,V711E,8,1,2025-07-09 13:45:00,2025-07-09 12:38:39.363,2025-07-11 05:38:39.363,2371,2272,Departed
292,EVER GIVEN,V486E,10,3,2025-07-09 15:15:00,2025-07-09 16:41:27.847,2025-07-10 12:41:27.847,2723,2769,Departed
293,OOCL HONG KONG,V385E,1,3,2025-07-10 19:15:00,2025-07-10 20:58:20.534,2025-07-12 16:58:20.534,2718,2423,Departed
294,WAN HAI 805,V945E,8,2,2025-07-10 19:45:00,2025-07-10 20:33:07.900,2025-07-12 08:33:07.900,442,433,Departed
295,MSC OSCAR,V359E,8,1,2025-07-10 17:30:00,2025-07-10 15:28:42.784,2025-07-11 06:28:42.784,2435,2276,Departed
296,ZIM ROTTERDAM,V264E,7,3,2025-07-10 11:30:00,2025-07-10 13:10:15.306,2025-07-12 10:10:15.306,1432,1420,Departed
297,MSC OSCAR,V252E,6,1,2025-07-11 03:45:00,2025-07-11 05:47:57.571,2025-07-12 10:47:57.571,2591,2631,Departed
298,ONE APUS,V421E,4,2,2025-07-11 03:00:00,2025-07-11 02:50:50.562,2025-07-12 20:50:50.562,2075,2106,Departed
299,EVER GIVEN,V842E,4,2,2025-07-11 10:00:00,2025-07-11 09:56:31.259,2025-07-13 06:56:31.259,834,904,Departed
300,MAERSK MADRID,V776E,3,2,2025-07-12 22:15:00,2025-07-12 21:57:16.504,2025-07-14 15:57:16.504,511,526,Departed
301,YM WISDOM,V665E,9,3,2025-07-12 15:30:00,2025-07-12 14:40:39.021,2025-07-13 12:40:39.021,2640,2727,Departed
302,OOCL HONG KONG,V862E,11,2,2025-07-12 22:30:00,2025-07-12 23:20:02.144,2025-07-14 10:20:02.144,503,513,Departed
303,HYUNDAI VICTORY,V337E,6,1,2025-07-13 18:45:00,2025-07-13 18:13:15.882,2025-07-14 20:13:15.882,1574,1584,Departed
304,CMA CGM MARCO POLO,V667E,2,2,2025-07-13 04:00:00,2025-07-13 01:55:18.733,2025-07-14 12:55:18.733,1977,2046,Departed
305,ZIM ROTTERDAM,V202E,12,2,2025-07-13 05:00:00,2025-07-13 06:19:42.373,2025-07-14 03:19:42.373,629,616,Departed
306,CMA CGM MARCO POLO,V432E,3,2,2025-07-13 15:45:00,2025-07-13 15:22:55.530,2025-07-15 03:22:55.530,579,584,Departed
307,WAN HAI 805,V725E,8,3,2025-07-14 23:45:00,2025-07-15 01:26:58.069,2025-07-16 10:26:58.069,2475,2418,Departed
308,ZIM ROTTERDAM,V595E,9,1,2025-07-14 01:00:00,2025-07-14 01:54:53.283,2025-07-14 23:54:53.283,1217,1219,Departed
309,MSC OSCAR,V726E,12,1,2025-07-15 01:45:00,2025-07-15 00:38:08.594,2025-07-16 21:38:08.594,2445,2513,Departed
310,EVER GIVEN,V229E,4,2,2025-07-15 13:15:00,2025-07-15 16:47:25.253,2025-07-17 13:47:25.253,1105,1013,Departed
311,WAN HAI 805,V373E,6,1,2025-07-16 06:00:00,2025-07-16 04:00:15.189,2025-07-17 00:00:15.189,1476,1528,Departed
312,HYUNDAI VICTORY,V992E,4,1,2025-07-16 14:45:00,2025-07-16 14:52:42.373,2025-07-17 09:52:42.373,1060,1051,Departed
313,MAERSK MADRID,V741E,1,3,2025-07-17 12:45:00,2025-07-17 13:31:45.886,2025-07-18 03:31:45.886,1735,1708,Departed
314,COSCO SHIPPING UNIVERSE,V678E,11,1,2025-07-17 22:15:00,2025-07-17 20:32:08.780,2025-07-18 11:32:08.780,2420,2388,Departed
315,WAN HAI 805,V904E,1,1,2025-07-18 08:45:00,2025-07-18 07:23:09.534,2025-07-19 05:23:09.534,2142,2225,Departed
316,COSCO SHIPPING UNIVERSE,V816E,3,2,2025-07-18 18:00:00,2025-07-18 18:51:21.285,2025-07-19 14:51:21.285,899,961,Departed
317,HYUNDAI VICTORY,V835E,12,2,2025-07-18 21:15:00,2025-07-18 22:25:04.902,2025-07-20 09:25:04.902,2475,2495,Departed
318,ZIM ROTTERDAM,V350E,11,1,2025-07-18 15:00:00,2025-07-18 12:29:54.287,2025-07-19 14:29:54.287,1234,1311,Departed
319,MAERSK MADRID,V649E,6,1,2025-07-19 01:00:00,2025-07-19 01:48:28.460,2025-07-20 02:48:28.460,1564,1621,Departed
320,HYUNDAI VICTORY,V263E,2,2,2025-07-19 07:00:00,2025-07-19 07:27:00.149,2025-07-21 03:27:00.149,2333,2234,Departed
321,MAERSK MADRID,V206E,1,3,2025-07-19 07:30:00,2025-07-19 04:18:44.613,2025-07-20 19:18:44.613,898,921,Departed
322,HMM ALGECIRAS,V968E,12,2,2025-07-19 06:00:00,2025-07-19 04:30:54.578,2025-07-20 03:30:54.578,883,859,Departed
323,EVER GIVEN,V889E,2,1,2025-07-20 13:45:00,2025-07-20 12:51:44.013,2025-07-21 22:51:44.013,1479,1391,Departed
324,MSC OSCAR,V209E,12,2,2025-07-20 13:45:00,2025-07-20 15:24:07.563,2025-07-21 12:24:07.563,699,763,Departed
325,MAERSK MADRID,V794E,2,3,2025-07-20 03:45:00,2025-07-20 02:11:50.280,2025-07-21 14:11:50.280,2663,2629,Departed
326,OOCL HONG KONG,V812E,5,3,2025-07-20 02:30:00,2025-07-20 00:04:42.942,2025-07-21 02:04:42.942,1523,1529,Departed
327,HMM ALGECIRAS,V648E,4,3,2025-07-21 18:30:00,2025-07-21 19:39:25.520,2025-07-23 04:39:25.520,662,728,Departed
328,OOCL HONG KONG,V204E,10,1,2025-07-21 15:00:00,2025-07-21 16:25:27.729,2025-07-23 16:25:27.729,1473,1496,Departed
329,HMM ALGECIRAS,V771E,3,1,2025-07-22 09:00:00,2025-07-22 09:10:08.989,2025-07-23 03:10:08.989,2545,2441,Departed
330,MSC OSCAR,V452E,11,1,2025-07-22 10:00:00,2025-07-22 10:51:37.394,2025-07-24 00:51:37.394,1692,1707,Departed
331,MAERSK MADRID,V160E,1,1,2025-07-22 20:30:00,2025-07-22 19:12:24.215,2025-07-23 09:12:24.215,1226,1254,Departed
332,HYUNDAI VICTORY,V133E,8,2,2025-07-22 09:00:00,2025-07-22 07:53:39.676,2025-07-24 03:53:39.676,2259,2330,Departed
333,COSCO SHIPPING UNIVERSE,V336E,4,2,2025-07-23 10:45:00,2025-07-23 12:35:14.016,2025-07-24 05:35:14.016,644,682,Departed
334,EVER GIVEN,V198E,1,3,2025-07-23 14:30:00,2025-07-23 15:04:33.298,2025-07-24 05:04:33.298,449,447,Departed
335,OOCL HONG KONG,V216E,6,3,2025-07-24 06:45:00,2025-07-24 02:45:00.000,2025-07-24 22:45:00.000,453,400,Departed
336,EVER GIVEN,V563E,3,2,2025-07-24 03:45:00,2025-07-24 04:34:49.867,2025-07-25 14:34:49.867,2784,2887,Departed
337,HMM ALGECIRAS,V390E,10,1,2025-07-24 08:30:00,2025-07-24 10:29:37.693,2025-07-25 05:29:37.693,1172,1244,Departed
338,EVER GIVEN,V300E,10,1,2025-07-24 00:15:00,2025-07-23 21:19:44.932,2025-07-24 13:19:44.932,2700,2796,Departed
339,ZIM ROTTERDAM,V533E,10,2,2025-07-25 20:15:00,2025-07-25 16:47:43.420,2025-07-27 07:47:43.420,881,940,Departed
340,CMA CGM MARCO POLO,V280E,5,3,2025-07-25 23:45:00,2025-07-25 20:51:55.550,2025-07-27 12:51:55.550,2394,2209,Departed
341,HMM ALGECIRAS,V468E,11,1,2025-07-26 14:30:00,2025-07-26 13:10:39.468,2025-07-27 11:10:39.468,854,868,Departed
342,WAN HAI 805,V141E,8,2,2025-07-26 04:30:00,2025-07-26 05:15:18.077,2025-07-27 18:15:18.077,588,564,Departed
343,HMM ALGECIRAS,V159E,1,3,2025-07-26 07:00:00,2025-07-26 08:30:26.415,2025-07-27 15:30:26.415,2755,2708,Departed
344,CMA CGM MARCO POLO,V437E,3,3,2025-07-26 14:30:00,2025-07-26 16:40:02.003,2025-07-27 18:40:02.003,1509,1531,Departed
345,MSC OSCAR,V468E,2,2,2025-07-27 23:15:00,2025-07-27 21:25:59.326,2025-07-29 12:25:59.326,1513,1507,Departed
346,WAN HAI 805,V856E,2,1,2025-07-27 06:30:00,2025-07-27 07:01:59.294,2025-07-28 18:01:59.294,810,808,Departed
347,MAERSK MADRID,V256E,9,3,2025-07-27 00:30:00,2025-07-27 02:31:03.996,2025-07-27 19:31:03.996,1369,1346,Departed
348,CMA CGM MARCO POLO,V394E,6,2,2025-07-28 13:15:00,2025-07-28 12:07:49.381,2025-07-29 23:07:49.381,2276,2157,Departed
349,MAERSK MADRID,V212E,4,1,2025-07-28 11:00:00,2025-07-28 07:03:18.537,2025-07-29 04:03:18.537,2067,2165,Departed
350,YM WISDOM,V487E,6,1,2025-07-28 10:15:00,2025-07-28 06:28:56.654,2025-07-30 00:28:56.654,623,661,Departed
351,CMA CGM MARCO POLO,V765E,11,2,2025-07-29 18:45:00,2025-07-29 17:14:46.825,2025-07-31 02:14:46.825,2658,2783,Departed
352,MAERSK MADRID,V295E,8,2,2025-07-29 16:30:00,2025-07-29 17:51:56.454,2025-07-30 20:51:56.454,1569,1451,Departed
353,YM WISDOM,V444E,6,2,2025-07-30 01:15:00,2025-07-30 01:27:55.806,2025-07-31 17:27:55.806,551,530,Departed
354,MAERSK MADRID,V316E,8,1,2025-07-30 23:45:00,2025-07-31 00:14:40.714,2025-07-31 20:14:40.714,2378,2341,Departed
355,COSCO SHIPPING UNIVERSE,V748E,8,1,2025-07-31 01:30:00,2025-07-31 02:52:22.515,2025-08-02 02:52:22.515,2503,2655,Departed
356,HYUNDAI VICTORY,V600E,9,2,2025-07-31 10:15:00,2025-07-31 11:50:59.738,2025-08-01 09:50:59.738,2574,2284,Departed
357,COSCO SHIPPING UNIVERSE,V292E,10,2,2025-07-31 18:15:00,2025-07-31 19:22:05.213,2025-08-02 09:22:05.213,1279,1260,Departed
358,EVER GIVEN,V153E,10,2,2025-07-31 03:00:00,2025-07-30 23:00:00.000,2025-07-31 13:00:00.000,968,1013,Departed
359,YM WISDOM,V977E,6,1,2025-08-01 02:45:00,2025-08-01 03:37:03.312,2025-08-02 09:37:03.312,2120,2118,Departed
360,EVER GIVEN,V339E,5,1,2025-08-01 22:30:00,2025-08-01 21:58:15.288,2025-08-03 03:58:15.288,2117,2016,Departed
361,MAERSK MADRID,V132E,6,2,2025-08-01 08:30:00,2025-08-01 09:57:58.519,2025-08-02 16:57:58.519,989,943,Departed
362,CMA CGM MARCO POLO,V749E,12,3,2025-08-02 12:00:00,2025-08-02 08:53:07.263,2025-08-03 19:53:07.263,2544,2665,Departed
363,HMM ALGECIRAS,V489E,12,2,2025-08-02 09:30:00,2025-08-02 10:01:07.673,2025-08-03 04:01:07.673,1238,1096,Departed
364,CMA CGM MARCO POLO,V846E,5,3,2025-08-03 07:45:00,2025-08-03 08:20:40.401,2025-08-04 23:20:40.401,2266,2155,Departed
365,WAN HAI 805,V657E,1,1,2025-08-03 13:30:00,2025-08-03 14:35:30.483,2025-08-05 02:35:30.483,2718,2785,Departed
366,ONE APUS,V418E,9,2,2025-08-03 04:45:00,2025-08-03 06:05:21.626,2025-08-05 04:05:21.626,2656,2519,Departed
367,EVER GIVEN,V240E,1,2,2025-08-04 21:30:00,2025-08-04 23:31:57.569,2025-08-05 19:31:57.569,504,517,Departed
368,MSC OSCAR,V435E,12,1,2025-08-04 08:00:00,2025-08-04 09:42:42.136,2025-08-05 06:42:42.136,1471,1488,Departed
369,WAN HAI 805,V259E,10,1,2025-08-04 00:15:00,2025-08-04 00:55:29.979,2025-08-04 14:55:29.979,1668,1645,Departed
370,MSC OSCAR,V432E,8,2,2025-08-04 09:30:00,2025-08-04 14:30:45.731,2025-08-06 04:30:45.731,479,451,Departed
371,EVER GIVEN,V698E,7,2,2025-08-05 12:45:00,2025-08-05 13:42:59.774,2025-08-06 17:42:59.774,843,796,Departed
372,ZIM ROTTERDAM,V383E,6,1,2025-08-05 23:00:00,2025-08-05 22:48:35.659,2025-08-06 12:48:35.659,1025,1061,Departed
373,COSCO SHIPPING UNIVERSE,V410E,5,1,2025-08-05 20:15:00,2025-08-05 21:01:48.380,2025-08-07 05:01:48.380,449,454,Departed
374,COSCO SHIPPING UNIVERSE,V380E,6,3,2025-08-06 18:15:00,2025-08-06 18:48:02.050,2025-08-07 10:48:02.050,1508,1450,Departed
375,ONE APUS,V646E,8,3,2025-08-06 20:00:00,2025-08-06 20:54:25.150,2025-08-08 06:54:25.150,842,851,Departed
376,OOCL HONG KONG,V952E,6,2,2025-08-06 17:45:00,2025-08-06 15:13:19.617,2025-08-07 21:13:19.617,2458,2269,Departed
377,HYUNDAI VICTORY,V151E,3,2,2025-08-07 15:00:00,2025-08-07 12:01:37.540,2025-08-09 04:01:37.540,2670,2596,Departed
378,HYUNDAI VICTORY,V190E,11,2,2025-08-07 16:30:00,2025-08-07 14:25:06.826,2025-08-08 05:25:06.826,1332,1277,Departed
379,MSC OSCAR,V577E,5,3,2025-08-07 19:00:00,2025-08-07 16:51:08.859,2025-08-08 11:51:08.859,566,543,Departed
380,WAN HAI 805,V465E,5,2,2025-08-08 10:45:00,2025-08-08 15:48:20.624,2025-08-10 00:48:20.624,2001,1872,Departed
381,EVER GIVEN,V677E,6,2,2025-08-08 06:30:00,2025-08-08 05:11:08.498,2025-08-10 00:11:08.498,2538,2526,Departed
382,CMA CGM MARCO POLO,V663E,2,1,2025-08-09 19:45:00,2025-08-09 21:03:36.380,2025-08-11 12:03:36.380,2602,2543,Departed
383,ONE APUS,V120E,5,1,2025-08-09 22:00:00,2025-08-09 23:30:58.247,2025-08-11 21:30:58.247,2083,1911,Departed
384,WAN HAI 805,V187E,11,1,2025-08-09 08:00:00,2025-08-09 04:12:45.352,2025-08-10 11:12:45.352,1397,1536,Departed
385,WAN HAI 805,V791E,10,1,2025-08-10 06:15:00,2025-08-10 07:22:47.039,2025-08-11 23:22:47.039,2451,2325,Departed
386,CMA CGM MARCO POLO,V372E,2,3,2025-08-10 01:15:00,2025-08-10 00:58:10.256,2025-08-11 21:58:10.256,740,669,Departed
387,HMM ALGECIRAS,V249E,8,1,2025-08-10 08:15:00,2025-08-10 08:57:20.040,2025-08-12 07:57:20.040,2008,1957,Departed
388,OOCL HONG KONG,V742E,9,2,2025-08-10 15:00:00,2025-08-10 15:19:38.895,2025-08-11 21:19:38.895,934,1016,Departed
389,YM WISDOM,V137E,6,2,2025-08-11 10:30:00,2025-08-11 10:07:00.802,2025-08-12 21:07:00.802,411,436,Departed
390,YM WISDOM,V334E,10,1,2025-08-11 18:15:00,2025-08-11 18:22:28.015,2025-08-12 21:22:28.015,689,706,Departed
391,YM WISDOM,V963E,1,3,2025-08-11 01:30:00,2025-08-10 21:30:00.000,2025-08-12 18:30:00.000,825,835,Departed
392,HMM ALGECIRAS,V531E,11,2,2025-08-11 17:15:00,2025-08-11 19:13:08.758,2025-08-13 07:13:08.758,415,433,Departed
393,CMA CGM MARCO POLO,V360E,11,1,2025-08-12 06:00:00,2025-08-12 05:06:26.694,2025-08-13 14:06:26.694,669,735,Departed
394,ZIM ROTTERDAM,V562E,11,3,2025-08-12 07:30:00,2025-08-12 05:43:52.509,2025-08-13 13:43:52.509,2126,2033,Departed
395,CMA CGM MARCO POLO,V182E,3,1,2025-08-12 04:45:00,2025-08-12 03:40:25.429,2025-08-13 04:40:25.429,2143,2034,Departed
396,MAERSK MADRID,V594E,1,1,2025-08-12 02:45:00,2025-08-11 23:48:29.702,2025-08-13 06:48:29.702,1434,1450,Departed
397,COSCO SHIPPING UNIVERSE,V204E,3,3,2025-08-13 05:15:00,2025-08-13 03:36:43.958,2025-08-13 20:36:43.958,2553,2657,Departed
398,EVER GIVEN,V573E,4,2,2025-08-13 05:00:00,2025-08-13 01:10:26.263,2025-08-14 12:10:26.263,1721,1720,Departed
399,HYUNDAI VICTORY,V627E,12,3,2025-08-13 13:00:00,2025-08-13 12:57:06.860,2025-08-14 11:57:06.860,1115,1101,Departed
400,OOCL HONG KONG,V265E,4,1,2025-08-14 22:30:00,2025-08-14 21:40:45.932,2025-08-15 11:40:45.932,1688,1769,Departed
401,HYUNDAI VICTORY,V325E,12,2,2025-08-14 09:15:00,2025-08-14 08:51:05.925,2025-08-15 09:51:05.925,431,439,Departed
402,EVER GIVEN,V819E,5,3,2025-08-14 03:15:00,2025-08-14 02:03:45.517,2025-08-14 21:03:45.517,1615,1586,Departed
403,HYUNDAI VICTORY,V425E,7,2,2025-08-14 06:15:00,2025-08-14 08:38:08.796,2025-08-15 07:38:08.796,1245,1226,Departed
404,WAN HAI 805,V857E,3,3,2025-08-15 07:45:00,2025-08-15 04:14:37.104,2025-08-17 02:14:37.104,1935,1960,Departed
405,MSC OSCAR,V954E,2,1,2025-08-15 05:15:00,2025-08-15 07:47:55.660,2025-08-16 15:47:55.660,2667,2872,Departed
406,MSC OSCAR,V568E,11,1,2025-08-15 00:30:00,2025-08-15 02:56:11.652,2025-08-16 12:56:11.652,1058,995,Departed
407,CMA CGM MARCO POLO,V694E,1,1,2025-08-15 10:00:00,2025-08-15 10:09:19.759,2025-08-16 17:09:19.759,2208,2107,Departed
408,MSC OSCAR,V898E,9,2,2025-08-16 11:30:00,2025-08-16 11:34:37.626,2025-08-17 16:34:37.626,2786,2959,Departed
409,MSC OSCAR,V620E,5,1,2025-08-16 13:30:00,2025-08-16 17:41:04.388,2025-08-18 02:41:04.388,688,631,Departed
410,WAN HAI 805,V318E,3,1,2025-08-16 14:45:00,2025-08-16 13:41:21.398,2025-08-17 19:41:21.398,2011,2065,Departed
411,MSC OSCAR,V402E,9,3,2025-08-16 18:45:00,2025-08-16 19:25:14.938,2025-08-18 01:25:14.938,556,548,Departed
412,EVER GIVEN,V731E,5,2,2025-08-17 01:45:00,2025-08-17 01:00:10.280,2025-08-18 23:00:10.280,746,760,Departed
413,WAN HAI 805,V607E,4,2,2025-08-17 07:00:00,2025-08-17 07:47:53.888,2025-08-19 01:47:53.888,1724,1584,Departed
414,HMM ALGECIRAS,V222E,2,2,2025-08-17 01:45:00,2025-08-17 02:34:53.049,2025-08-18 06:34:53.049,1266,1271,Departed
415,EVER GIVEN,V210E,5,2,2025-08-18 08:30:00,2025-08-18 08:34:30.051,2025-08-20 05:34:30.051,806,741,Departed
416,ZIM ROTTERDAM,V170E,7,2,2025-08-18 14:15:00,2025-08-18 14:54:28.263,2025-08-20 05:54:28.263,1437,1564,Departed
417,MAERSK MADRID,V707E,12,3,2025-08-19 09:30:00,2025-08-19 09:27:21.988,2025-08-20 14:27:21.988,2386,2493,Departed
418,MSC OSCAR,V439E,1,1,2025-08-19 12:15:00,2025-08-19 12:16:02.137,2025-08-20 08:16:02.137,1240,1239,Departed
419,WAN HAI 805,V953E,2,2,2025-08-20 03:15:00,2025-08-20 03:48:39.997,2025-08-21 15:48:39.997,637,620,Departed
420,EVER GIVEN,V859E,8,3,2025-08-20 07:15:00,2025-08-20 08:54:55.487,2025-08-21 13:54:55.487,1192,1160,Departed
421,WAN HAI 805,V905E,12,2,2025-08-20 17:45:00,2025-08-20 19:31:32.879,2025-08-22 04:31:32.879,2616,2556,Departed
422,MSC OSCAR,V582E,7,3,2025-08-20 23:00:00,2025-08-20 23:01:59.785,2025-08-21 14:01:59.785,2440,2544,Departed
423,OOCL HONG KONG,V930E,10,2,2025-08-21 03:45:00,2025-08-21 02:22:00.853,2025-08-23 00:22:00.853,1825,1911,Departed
424,HYUNDAI VICTORY,V589E,7,3,2025-08-21 13:45:00,2025-08-21 10:34:51.153,2025-08-22 17:34:51.153,1474,1521,Departed
425,ZIM ROTTERDAM,V673E,2,1,2025-08-21 05:15:00,2025-08-21 03:58:30.916,2025-08-21 21:58:30.916,2609,2569,Departed
426,ONE APUS,V337E,6,2,2025-08-22 09:45:00,2025-08-22 09:38:09.550,2025-08-23 11:38:09.550,1230,1350,Departed
427,MAERSK MADRID,V692E,5,3,2025-08-22 07:00:00,2025-08-22 07:02:47.856,2025-08-23 16:02:47.856,892,926,Departed
428,YM WISDOM,V348E,6,2,2025-08-22 20:15:00,2025-08-22 22:30:06.962,2025-08-23 13:30:06.962,660,663,Departed
429,OOCL HONG KONG,V321E,7,1,2025-08-22 15:00:00,2025-08-22 17:11:56.938,2025-08-24 02:11:56.938,1955,1824,Departed
430,WAN HAI 805,V875E,12,3,2025-08-23 13:45:00,2025-08-23 13:05:00.885,2025-08-25 01:05:00.885,1210,1194,Departed
431,WAN HAI 805,V759E,7,3,2025-08-23 06:30:00,2025-08-23 06:02:09.851,2025-08-24 15:02:09.851,547,563,Departed
432,ZIM ROTTERDAM,V514E,3,1,2025-08-24 21:30:00,2025-08-24 22:06:21.494,2025-08-26 18:06:21.494,803,759,Departed
433,MAERSK MADRID,V754E,8,3,2025-08-24 23:30:00,2025-08-24 20:43:53.421,2025-08-25 19:43:53.421,869,916,Departed
434,MSC OSCAR,V263E,3,3,2025-08-24 16:30:00,2025-08-24 19:59:08.221,2025-08-26 19:59:08.221,2558,2514,Departed
435,HMM ALGECIRAS,V987E,6,1,2025-08-24 00:15:00,2025-08-23 23:09:43.874,2025-08-25 09:09:43.874,2741,2717,Departed
436,OOCL HONG KONG,V656E,10,1,2025-08-25 21:30:00,2025-08-25 21:13:53.623,2025-08-27 13:13:53.623,1929,1974,Departed
437,MAERSK MADRID,V439E,9,1,2025-08-25 05:30:00,2025-08-25 06:12:58.396,2025-08-26 10:12:58.396,687,623,Departed
438,ZIM ROTTERDAM,V812E,5,3,2025-08-25 15:45:00,2025-08-25 14:08:44.262,2025-08-26 20:08:44.262,1075,1012,Departed
439,HMM ALGECIRAS,V167E,6,3,2025-08-26 16:00:00,2025-08-26 15:51:51.474,2025-08-27 05:51:51.474,2027,1990,Departed
440,CMA CGM MARCO POLO,V795E,8,3,2025-08-26 15:00:00,2025-08-26 15:54:10.585,2025-08-28 00:54:10.585,994,1008,Departed
441,COSCO SHIPPING UNIVERSE,V496E,5,3,2025-08-26 07:15:00,2025-08-26 06:13:04.226,2025-08-27 19:13:04.226,2102,2162,Departed
442,MSC OSCAR,V881E,8,1,2025-08-27 06:45:00,2025-08-27 06:37:16.221,2025-08-28 04:37:16.221,2140,2336,Departed
443,MSC OSCAR,V239E,10,1,2025-08-27 05:30:00,2025-08-27 03:07:39.595,2025-08-28 14:07:39.595,873,855,Departed
444,CMA CGM MARCO POLO,V357E,9,3,2025-08-28 04:45:00,2025-08-28 04:32:33.598,2025-08-29 04:32:33.598,2663,2792,Departed
445,HMM ALGECIRAS,V417E,3,3,2025-08-28 17:45:00,2025-08-28 17:57:13.765,2025-08-29 19:57:13.765,2173,2254,Departed
446,ONE APUS,V274E,11,1,2025-08-28 05:15:00,2025-08-28 01:15:00.000,2025-08-28 17:15:00.000,547,500,Departed
447,MAERSK MADRID,V723E,10,2,2025-08-29 17:00:00,2025-08-29 16:00:57.565,2025-08-31 05:00:57.565,623,655,Departed
448,WAN HAI 805,V400E,3,1,2025-08-29 00:15:00,2025-08-28 21:56:29.452,2025-08-30 17:56:29.452,1415,1431,Departed
449,HMM ALGECIRAS,V808E,3,3,2025-08-29 14:00:00,2025-08-29 17:25:34.236,2025-08-30 09:25:34.236,851,835,Departed
450,OOCL HONG KONG,V561E,2,2,2025-08-29 17:30:00,2025-08-29 15:50:29.150,2025-08-31 07:50:29.150,2516,2310,Departed
451,CMA CGM MARCO POLO,V464E,11,1,2025-08-30 09:00:00,2025-08-30 08:39:17.427,2025-09-01 07:39:17.427,2287,2248,Departed
452,MAERSK MADRID,V456E,3,2,2025-08-30 00:45:00,2025-08-30 00:09:28.062,2025-08-30 14:09:28.062,1347,1279,Departed
453,YM WISDOM,V400E,12,3,2025-08-30 08:30:00,2025-08-30 08:41:04.815,2025-08-31 21:41:04.815,2752,2808,Departed
454,ZIM ROTTERDAM,V898E,2,1,2025-08-30 09:00:00,2025-08-30 07:29:43.095,2025-08-31 01:29:43.095,1291,1293,Departed
455,MAERSK MADRID,V401E,10,1,2025-08-31 04:45:00,2025-08-31 02:19:08.845,2025-09-01 04:19:08.845,622,584,Departed
456,ZIM ROTTERDAM,V801E,12,3,2025-08-31 11:45:00,2025-08-31 08:31:48.672,2025-09-01 12:31:48.672,1195,1271,Departed
457,YM WISDOM,V476E,6,2,2025-08-31 17:45:00,2025-08-31 20:15:20.417,2025-09-01 19:15:20.417,1520,1520,Departed
458,EVER GIVEN,V310E,3,2,2025-09-01 16:15:00,2025-09-01 17:52:23.191,2025-09-03 02:52:23.191,613,561,Departed
459,OOCL HONG KONG,V574E,9,1,2025-09-01 09:15:00,2025-09-01 08:35:43.267,2025-09-02 15:35:43.267,2160,2252,Departed
460,ZIM ROTTERDAM,V288E,8,3,2025-09-01 21:15:00,2025-09-01 20:07:59.832,2025-09-03 09:07:59.832,1350,1391,Departed
461,YM WISDOM,V310E,8,2,2025-09-01 00:00:00,2025-09-01 00:19:55.637,2025-09-02 08:19:55.637,1579,1594,Departed
462,WAN HAI 805,V752E,8,2,2025-09-02 03:00:00,2025-09-02 03:45:07.217,2025-09-03 11:45:07.217,687,724,Departed
463,COSCO SHIPPING UNIVERSE,V899E,1,3,2025-09-02 10:00:00,2025-09-02 12:01:30.963,2025-09-03 21:01:30.963,813,852,Departed
464,YM WISDOM,V518E,6,3,2025-09-03 21:00:00,2025-09-03 21:36:25.515,2025-09-05 06:36:25.515,1072,1033,Departed
465,COSCO SHIPPING UNIVERSE,V465E,3,3,2025-09-03 21:45:00,2025-09-03 20:35:20.167,2025-09-05 12:35:20.167,2623,2555,Departed
466,CMA CGM MARCO POLO,V865E,8,1,2025-09-03 23:15:00,2025-09-03 19:15:00.000,2025-09-05 12:15:00.000,1630,1502,Departed
467,ZIM ROTTERDAM,V743E,12,3,2025-09-03 04:30:00,2025-09-03 07:50:45.411,2025-09-05 01:50:45.411,1147,1057,Departed
468,HMM ALGECIRAS,V695E,6,3,2025-09-04 09:45:00,2025-09-04 08:16:18.847,2025-09-06 01:16:18.847,1760,1623,Departed
469,HYUNDAI VICTORY,V352E,12,1,2025-09-04 08:30:00,2025-09-04 07:21:22.439,2025-09-06 04:21:22.439,1981,1904,Departed
470,MSC OSCAR,V386E,12,3,2025-09-04 12:30:00,2025-09-04 13:19:43.694,2025-09-06 10:19:43.694,2252,2199,Departed
471,WAN HAI 805,V455E,2,2,2025-09-04 02:45:00,2025-09-04 01:59:20.118,2025-09-05 02:59:20.118,2332,2208,Departed
472,ZIM ROTTERDAM,V455E,11,3,2025-09-05 07:15:00,2025-09-05 09:09:38.050,2025-09-06 21:09:38.050,879,937,Departed
473,OOCL HONG KONG,V812E,9,1,2025-09-05 11:00:00,2025-09-05 08:46:04.097,2025-09-06 08:46:04.097,1296,1284,Departed
474,ZIM ROTTERDAM,V569E,4,3,2025-09-05 22:15:00,2025-09-06 00:25:18.430,2025-09-07 12:25:18.430,1329,1220,Departed
475,CMA CGM MARCO POLO,V226E,3,3,2025-09-06 11:30:00,2025-09-06 10:23:27.675,2025-09-07 02:23:27.675,1123,1051,Departed
476,MAERSK MADRID,V232E,10,2,2025-09-06 15:45:00,2025-09-06 14:02:05.430,2025-09-08 05:02:05.430,1912,1866,Departed
477,WAN HAI 805,V476E,5,2,2025-09-06 22:15:00,2025-09-07 00:03:58.404,2025-09-08 17:03:58.404,2287,2456,Departed
478,EVER GIVEN,V632E,8,3,2025-09-07 20:45:00,2025-09-07 21:13:39.182,2025-09-08 19:13:39.182,1921,1893,Departed
479,MSC OSCAR,V258E,10,3,2025-09-07 06:15:00,2025-09-07 08:00:21.024,2025-09-09 02:00:21.024,2372,2371,Departed
480,ZIM ROTTERDAM,V556E,5,2,2025-09-08 22:45:00,2025-09-08 21:23:19.142,2025-09-09 12:23:19.142,607,644,Departed
481,EVER GIVEN,V641E,6,1,2025-09-08 18:45:00,2025-09-08 16:25:55.095,2025-09-09 11:25:55.095,862,911,Departed
482,HMM ALGECIRAS,V186E,11,1,2025-09-08 22:15:00,2025-09-08 19:38:40.436,2025-09-09 14:38:40.436,1792,1817,Departed
483,EVER GIVEN,V890E,2,1,2025-09-09 01:30:00,2025-09-09 02:01:12.284,2025-09-11 02:01:12.284,2096,2053,Departed
484,COSCO SHIPPING UNIVERSE,V759E,12,3,2025-09-09 12:00:00,2025-09-09 17:02:51.115,2025-09-11 10:02:51.115,1156,1200,Departed
485,CMA CGM MARCO POLO,V354E,5,2,2025-09-10 10:00:00,2025-09-10 11:19:15.300,2025-09-11 11:19:15.300,586,545,Departed
486,CMA CGM MARCO POLO,V127E,3,1,2025-09-10 04:30:00,2025-09-10 04:36:19.344,2025-09-11 22:36:19.344,1568,1543,Departed
487,MSC OSCAR,V582E,5,1,2025-09-10 14:45:00,2025-09-10 15:11:17.145,2025-09-12 01:11:17.145,2252,2305,Departed
488,MAERSK MADRID,V310E,10,2,2025-09-10 06:15:00,2025-09-10 06:55:06.580,2025-09-11 21:55:06.580,476,480,Departed
489,CMA CGM MARCO POLO,V377E,1,2,2025-09-11 11:45:00,2025-09-11 09:58:54.654,2025-09-13 07:58:54.654,1893,1949,Departed
490,HYUNDAI VICTORY,V852E,8,1,2025-09-11 20:45:00,2025-09-11 18:21:29.686,2025-09-13 06:21:29.686,2274,2287,Departed
491,WAN HAI 805,V922E,5,1,2025-09-12 17:00:00,2025-09-12 18:19:40.896,2025-09-14 13:19:40.896,2163,2161,Departed
492,OOCL HONG KONG,V233E,12,2,2025-09-12 13:00:00,2025-09-12 13:45:23.554,2025-09-13 23:45:23.554,510,503,Departed
493,WAN HAI 805,V579E,6,2,2025-09-12 05:00:00,2025-09-12 04:07:35.404,2025-09-13 12:07:35.404,1231,1253,Departed
494,ONE APUS,V842E,7,2,2025-09-13 08:30:00,2025-09-13 08:38:47.829,2025-09-15 01:38:47.829,2372,2401,Departed
495,MAERSK MADRID,V667E,3,1,2025-09-13 09:45:00,2025-09-13 10:05:48.985,2025-09-15 07:05:48.985,2090,2123,Departed
496,WAN HAI 805,V112E,4,3,2025-09-13 19:45:00,2025-09-13 21:23:20.346,2025-09-15 11:23:20.346,1202,1271,Departed
497,YM WISDOM,V950E,7,2,2025-09-13 07:45:00,2025-09-13 07:04:55.940,2025-09-14 17:04:55.940,1283,1208,Departed
498,HYUNDAI VICTORY,V273E,8,2,2025-09-14 04:00:00,2025-09-14 00:00:00.000,2025-09-15 01:00:00.000,958,870,Departed
499,ONE APUS,V849E,5,1,2025-09-14 00:15:00,2025-09-13 23:51:51.990,2025-09-14 16:51:51.990,1658,1625,Departed
500,COSCO SHIPPING UNIVERSE,V462E,7,3,2025-09-15 07:15:00,2025-09-15 07:34:27.305,2025-09-16 02:34:27.305,987,987,Departed
501,COSCO SHIPPING UNIVERSE,V999E,1,1,2025-09-15 13:30:00,2025-09-15 13:30:21.930,2025-09-16 11:30:21.930,2589,2619,Departed
502,ZIM ROTTERDAM,V614E,7,2,2025-09-16 04:00:00,2025-09-16 05:33:38.999,2025-09-17 20:33:38.999,1375,1412,Departed
503,WAN HAI 805,V836E,6,1,2025-09-16 23:15:00,2025-09-17 01:14:17.341,2025-09-18 16:14:17.341,2796,2906,Departed
504,HYUNDAI VICTORY,V159E,8,1,2025-09-17 15:30:00,2025-09-17 16:47:50.405,2025-09-19 10:47:50.405,2122,2203,Departed
505,ONE APUS,V577E,11,2,2025-09-17 05:30:00,2025-09-17 03:33:54.052,2025-09-19 00:33:54.052,2039,1997,Departed
506,HYUNDAI VICTORY,V853E,2,1,2025-09-17 10:45:00,2025-09-17 08:48:44.987,2025-09-18 12:48:44.987,798,800,Departed
507,EVER GIVEN,V907E,6,2,2025-09-17 21:00:00,2025-09-17 22:53:06.411,2025-09-18 21:53:06.411,1470,1563,Departed
508,COSCO SHIPPING UNIVERSE,V879E,4,1,2025-09-18 17:45:00,2025-09-18 22:48:26.500,2025-09-20 10:48:26.500,937,915,Departed
509,MAERSK MADRID,V686E,1,2,2025-09-18 14:45:00,2025-09-18 14:20:48.530,2025-09-20 12:20:48.530,1452,1291,Departed
510,MAERSK MADRID,V158E,7,1,2025-09-18 01:30:00,2025-09-18 01:32:00.498,2025-09-19 08:32:00.498,2257,2359,Departed
511,OOCL HONG KONG,V177E,2,3,2025-09-19 02:15:00,2025-09-19 00:56:26.365,2025-09-20 14:56:26.365,430,448,Departed
512,YM WISDOM,V807E,4,2,2025-09-19 09:15:00,2025-09-19 09:28:03.940,2025-09-20 01:28:03.940,2658,2667,Departed
513,CMA CGM MARCO POLO,V868E,4,1,2025-09-20 07:00:00,2025-09-20 05:36:54.941,2025-09-22 01:36:54.941,548,529,Departed
514,YM WISDOM,V763E,5,2,2025-09-20 01:00:00,2025-09-19 22:34:51.853,2025-09-21 08:34:51.853,2430,2391,Departed
515,MAERSK MADRID,V949E,12,3,2025-09-21 21:30:00,2025-09-22 00:15:41.166,2025-09-23 08:15:41.166,2787,2848,Departed
516,MAERSK MADRID,V818E,4,3,2025-09-21 17:45:00,2025-09-21 19:46:06.318,2025-09-23 12:46:06.318,1340,1316,Departed
517,MSC OSCAR,V542E,1,1,2025-09-22 12:30:00,2025-09-22 10:21:45.666,2025-09-23 08:21:45.666,2515,2474,Departed
518,YM WISDOM,V735E,1,1,2025-09-22 11:15:00,2025-09-22 13:19:57.095,2025-09-24 07:19:57.095,464,458,Departed
519,ZIM ROTTERDAM,V477E,3,3,2025-09-22 10:30:00,2025-09-22 10:40:38.909,2025-09-23 21:40:38.909,1263,1231,Departed
520,YM WISDOM,V368E,2,3,2025-09-23 21:15:00,2025-09-23 17:15:00.000,2025-09-24 09:15:00.000,1141,1164,Departed
521,CMA CGM MARCO POLO,V862E,10,1,2025-09-23 05:00:00,2025-09-23 05:52:33.079,2025-09-24 01:52:33.079,2168,2139,Departed
522,ONE APUS,V358E,11,2,2025-09-23 14:15:00,2025-09-23 13:48:43.663,2025-09-24 15:48:43.663,1566,1574,Departed
523,WAN HAI 805,V128E,7,1,2025-09-23 17:00:00,2025-09-23 16:58:27.183,2025-09-24 20:58:27.183,943,1010,Departed
524,WAN HAI 805,V882E,9,1,2025-09-24 15:30:00,2025-09-24 15:30:19.693,2025-09-25 21:30:19.693,2333,2282,Departed
525,WAN HAI 805,V988E,9,1,2025-09-24 23:30:00,2025-09-25 00:39:33.715,2025-09-26 14:39:33.715,2257,2338,Departed
526,YM WISDOM,V491E,10,2,2025-09-24 19:15:00,2025-09-24 20:09:57.656,2025-09-26 07:09:57.656,589,547,Departed
527,OOCL HONG KONG,V313E,6,3,2025-09-25 02:45:00,2025-09-25 01:16:54.709,2025-09-25 21:16:54.709,502,468,Departed
528,WAN HAI 805,V746E,9,3,2025-09-25 10:45:00,2025-09-25 09:46:32.385,2025-09-26 20:46:32.385,2565,2552,Departed
529,COSCO SHIPPING UNIVERSE,V832E,7,1,2025-09-25 11:15:00,2025-09-25 12:50:55.868,2025-09-27 07:50:55.868,576,561,Departed
530,HYUNDAI VICTORY,V990E,1,1,2025-09-25 13:30:00,2025-09-25 13:16:18.035,2025-09-26 22:16:18.035,855,940,Departed
531,WAN HAI 805,V692E,6,1,2025-09-26 10:30:00,2025-09-26 15:50:11.017,2025-09-27 08:50:11.017,1415,1381,Departed
532,CMA CGM MARCO POLO,V127E,12,3,2025-09-26 06:15:00,2025-09-26 10:14:49.710,2025-09-27 11:14:49.710,2187,2035,Departed
533,WAN HAI 805,V790E,7,3,2025-09-26 19:45:00,2025-09-26 21:48:18.401,2025-09-28 18:48:18.401,1382,1351,Departed
534,HMM ALGECIRAS,V815E,2,1,2025-09-27 04:15:00,2025-09-27 04:07:42.276,2025-09-29 01:07:42.276,557,540,Departed
535,ONE APUS,V462E,7,3,2025-09-27 08:30:00,2025-09-27 07:30:19.993,2025-09-28 03:30:19.993,1746,1695,Departed
536,OOCL HONG KONG,V622E,7,3,2025-09-27 02:30:00,2025-09-27 04:59:23.144,2025-09-28 07:59:23.144,2389,2314,Departed
537,ONE APUS,V564E,9,1,2025-09-28 22:15:00,2025-09-29 00:09:52.786,2025-09-30 07:09:52.786,525,493,Departed
538,YM WISDOM,V211E,9,1,2025-09-28 02:00:00,2025-09-28 02:57:58.725,2025-09-29 07:57:58.725,904,956,Departed
539,EVER GIVEN,V390E,11,3,2025-09-28 01:30:00,2025-09-28 00:58:27.829,2025-09-29 17:58:27.829,911,889,Departed
540,ONE APUS,V816E,5,2,2025-09-29 14:00:00,2025-09-29 13:17:40.159,2025-09-30 12:17:40.159,2311,2373,Departed
541,HMM ALGECIRAS,V389E,8,2,2025-09-29 09:30:00,2025-09-29 05:30:00.000,2025-09-29 22:30:00.000,2796,2815,Departed
542,HYUNDAI VICTORY,V510E,3,3,2025-09-29 23:45:00,2025-09-30 01:03:08.664,2025-10-01 09:03:08.664,1292,1357,Departed
543,OOCL HONG KONG,V997E,9,2,2025-09-29 02:30:00,2025-09-29 04:46:18.961,2025-09-30 00:46:18.961,2209,2245,Departed
544,EVER GIVEN,V390E,11,3,2025-09-30 13:30:00,2025-09-30 12:43:52.883,2025-10-02 07:43:52.883,2799,3035,Departed
545,MAERSK MADRID,V203E,11,1,2025-09-30 05:30:00,2025-09-30 02:59:32.593,2025-09-30 19:59:32.593,542,522,Departed
546,MAERSK MADRID,V447E,9,1,2025-10-01 09:30:00,2025-10-01 12:13:21.491,2025-10-03 10:13:21.491,1789,1841,Departed
547,ONE APUS,V265E,10,3,2025-10-01 11:45:00,2025-10-01 12:26:42.512,2025-10-02 03:26:42.512,1158,1069,Departed
548,EVER GIVEN,V686E,8,3,2025-10-02 20:30:00,2025-10-02 18:59:16.921,2025-10-03 22:59:16.921,1696,1634,Departed
549,COSCO SHIPPING UNIVERSE,V478E,7,2,2025-10-02 17:30:00,2025-10-02 18:09:32.416,2025-10-03 11:09:32.416,1155,1109,Departed
550,COSCO SHIPPING UNIVERSE,V385E,9,2,2025-10-03 18:15:00,2025-10-03 17:55:03.624,2025-10-05 05:55:03.624,2418,2353,Departed
551,CMA CGM MARCO POLO,V268E,2,2,2025-10-03 15:30:00,2025-10-03 15:16:32.643,2025-10-04 11:16:32.643,1326,1265,Departed
552,MSC OSCAR,V646E,10,3,2025-10-03 19:45:00,2025-10-03 20:30:41.328,2025-10-04 23:30:41.328,862,870,Departed
553,EVER GIVEN,V472E,10,2,2025-10-04 20:00:00,2025-10-04 20:40:52.978,2025-10-06 03:40:52.978,891,934,Departed
554,CMA CGM MARCO POLO,V395E,1,1,2025-10-04 13:30:00,2025-10-04 14:10:12.906,2025-10-05 08:10:12.906,2126,2129,Departed
555,OOCL HONG KONG,V454E,10,3,2025-10-04 07:30:00,2025-10-04 06:53:52.610,2025-10-05 19:53:52.610,415,452,Departed
556,COSCO SHIPPING UNIVERSE,V686E,12,1,2025-10-05 10:45:00,2025-10-05 11:54:35.228,2025-10-06 21:54:35.228,1506,1405,Departed
557,MSC OSCAR,V801E,6,2,2025-10-05 08:45:00,2025-10-05 07:30:42.391,2025-10-06 10:30:42.391,1379,1268,Departed
558,COSCO SHIPPING UNIVERSE,V644E,9,3,2025-10-06 22:15:00,2025-10-06 21:48:21.832,2025-10-07 13:48:21.832,1823,1863,Departed
559,COSCO SHIPPING UNIVERSE,V433E,8,2,2025-10-06 05:15:00,2025-10-06 04:55:31.345,2025-10-07 19:55:31.345,2350,2290,Departed
560,EVER GIVEN,V955E,1,2,2025-10-06 21:15:00,2025-10-06 21:38:14.401,2025-10-07 22:38:14.401,2409,2422,Departed
561,YM WISDOM,V774E,5,1,2025-10-07 16:30:00,2025-10-07 15:35:14.514,2025-10-08 22:35:14.514,1811,1803,Departed
562,YM WISDOM,V588E,7,1,2025-10-07 19:45:00,2025-10-07 20:07:03.792,2025-10-08 12:07:03.792,917,988,Departed
563,OOCL HONG KONG,V220E,7,2,2025-10-08 04:45:00,2025-10-08 04:30:14.887,2025-10-09 02:30:14.887,2659,2656,Departed
564,MSC OSCAR,V161E,3,2,2025-10-08 21:15:00,2025-10-08 17:15:00.000,2025-10-10 01:15:00.000,720,734,Departed
565,OOCL HONG KONG,V322E,5,3,2025-10-08 10:30:00,2025-10-08 13:38:32.518,2025-10-09 19:38:32.518,1256,1279,Departed
566,MAERSK MADRID,V974E,10,1,2025-10-08 08:15:00,2025-10-08 05:44:11.295,2025-10-09 15:44:11.295,684,685,Departed
567,WAN HAI 805,V235E,3,3,2025-10-09 03:00:00,2025-10-09 02:43:14.204,2025-10-10 20:43:14.204,2785,3057,Departed
568,WAN HAI 805,V638E,1,2,2025-10-09 14:15:00,2025-10-09 10:56:37.794,2025-10-11 04:56:37.794,496,532,Departed
569,CMA CGM MARCO POLO,V901E,5,3,2025-10-10 23:45:00,2025-10-11 00:37:43.820,2025-10-11 16:37:43.820,2348,2325,Departed
570,MAERSK MADRID,V482E,1,1,2025-10-10 21:00:00,2025-10-10 22:21:56.565,2025-10-12 14:21:56.565,1370,1284,Departed
571,HMM ALGECIRAS,V551E,4,1,2025-10-11 03:15:00,2025-10-11 03:15:41.530,2025-10-12 03:15:41.530,1341,1284,Departed
572,YM WISDOM,V448E,5,1,2025-10-11 12:00:00,2025-10-11 09:27:53.691,2025-10-12 05:27:53.691,2195,2208,Departed
573,WAN HAI 805,V156E,5,3,2025-10-12 20:45:00,2025-10-12 20:16:31.076,2025-10-14 06:16:31.076,622,649,Departed
574,ONE APUS,V166E,1,3,2025-10-12 02:00:00,2025-10-11 23:43:46.267,2025-10-12 22:43:46.267,987,975,Departed
575,COSCO SHIPPING UNIVERSE,V412E,4,3,2025-10-13 08:00:00,2025-10-13 07:30:03.783,2025-10-14 10:30:03.783,2175,2011,Departed
576,COSCO SHIPPING UNIVERSE,V477E,7,3,2025-10-13 09:15:00,2025-10-13 07:27:44.157,2025-10-14 04:27:44.157,1459,1521,Departed
577,CMA CGM MARCO POLO,V392E,7,1,2025-10-13 21:15:00,2025-10-13 23:46:27.166,2025-10-15 13:46:27.166,1209,1178,Departed
578,MAERSK MADRID,V588E,12,2,2025-10-14 00:00:00,2025-10-13 23:44:30.737,2025-10-15 00:44:30.737,2011,1961,Departed
579,EVER GIVEN,V608E,9,1,2025-10-14 14:30:00,2025-10-14 17:26:56.115,2025-10-16 05:26:56.115,2562,2466,Departed
580,ONE APUS,V154E,8,1,2025-10-14 08:30:00,2025-10-14 05:15:54.351,2025-10-15 14:15:54.351,2605,2553,Departed
581,ZIM ROTTERDAM,V352E,6,1,2025-10-15 04:30:00,2025-10-15 05:46:19.353,2025-10-16 19:46:19.353,1933,2064,Departed
582,CMA CGM MARCO POLO,V535E,10,2,2025-10-15 22:30:00,2025-10-16 02:03:43.207,2025-10-17 20:03:43.207,666,685,Departed
583,HMM ALGECIRAS,V794E,6,3,2025-10-16 05:30:00,2025-10-16 04:44:01.802,2025-10-17 10:44:01.802,992,976,Departed
584,COSCO SHIPPING UNIVERSE,V893E,2,3,2025-10-16 01:30:00,2025-10-15 23:05:20.980,2025-10-16 16:05:20.980,1507,1464,Departed
585,CMA CGM MARCO POLO,V737E,8,2,2025-10-17 08:15:00,2025-10-17 09:14:50.604,2025-10-19 09:14:50.604,1371,1445,Departed
586,HYUNDAI VICTORY,V589E,3,1,2025-10-17 00:15:00,2025-10-16 21:23:43.195,2025-10-18 04:23:43.195,603,634,Departed
587,CMA CGM MARCO POLO,V940E,9,3,2025-10-18 13:45:00,2025-10-18 16:47:35.734,2025-10-20 09:47:35.734,1097,1033,Departed
588,HYUNDAI VICTORY,V128E,2,3,2025-10-18 16:45:00,2025-10-18 15:53:10.490,2025-10-19 05:53:10.490,466,466,Departed
589,EVER GIVEN,V519E,8,3,2025-10-18 22:15:00,2025-10-19 01:11:57.789,2025-10-20 01:11:57.789,1159,1211,Departed
590,CMA CGM MARCO POLO,V494E,8,3,2025-10-19 13:30:00,2025-10-19 15:19:44.928,2025-10-21 13:19:44.928,540,562,Departed
591,ZIM ROTTERDAM,V869E,6,2,2025-10-19 00:30:00,2025-10-18 20:30:00.000,2025-10-19 11:30:00.000,670,647,Departed
592,HYUNDAI VICTORY,V393E,11,3,2025-10-20 21:30:00,2025-10-20 18:06:54.467,2025-10-21 09:06:54.467,492,475,Departed
593,ZIM ROTTERDAM,V539E,3,1,2025-10-20 04:15:00,2025-10-20 04:01:20.405,2025-10-21 11:01:20.405,1000,1028,Departed
594,ONE APUS,V681E,4,1,2025-10-20 22:00:00,2025-10-21 02:07:56.568,2025-10-22 20:07:56.568,1796,1818,Departed
595,ZIM ROTTERDAM,V766E,11,3,2025-10-21 22:30:00,2025-10-21 22:22:18.809,2025-10-23 18:22:18.809,2375,2299,Departed
596,EVER GIVEN,V608E,8,1,2025-10-21 02:00:00,2025-10-21 03:50:36.413,2025-10-21 17:50:36.413,1337,1338,Departed
597,MSC OSCAR,V193E,10,3,2025-10-21 07:00:00,2025-10-21 06:14:25.452,2025-10-22 10:14:25.452,1289,1357,Departed
598,ONE APUS,V951E,1,1,2025-10-21 22:15:00,2025-10-21 21:04:28.688,2025-10-23 10:04:28.688,1309,1216,Departed
599,OOCL HONG KONG,V725E,6,3,2025-10-22 15:45:00,2025-10-22 16:20:48.803,2025-10-24 06:20:48.803,1956,2097,Departed
600,EVER GIVEN,V583E,9,2,2025-10-22 13:45:00,2025-10-22 13:18:14.846,2025-10-23 04:18:14.846,1441,1293,Departed
601,ZIM ROTTERDAM,V494E,6,1,2025-10-22 02:15:00,2025-10-22 03:21:44.701,2025-10-22 17:21:44.701,2116,2044,Departed
602,MAERSK MADRID,V632E,12,2,2025-10-22 09:15:00,2025-10-22 05:44:55.467,2025-10-23 12:44:55.467,2732,2743,Departed
603,ZIM ROTTERDAM,V242E,2,1,2025-10-23 19:45:00,2025-10-23 18:01:42.617,2025-10-25 08:01:42.617,1176,1127,Departed
604,COSCO SHIPPING UNIVERSE,V179E,9,3,2025-10-23 21:45:00,2025-10-23 23:14:23.673,2025-10-25 03:14:23.673,1351,1357,Departed
605,MAERSK MADRID,V242E,6,1,2025-10-23 07:15:00,2025-10-23 04:44:37.105,2025-10-24 23:44:37.105,1217,1218,Departed
606,EVER GIVEN,V343E,6,3,2025-10-24 23:15:00,2025-10-24 22:26:44.905,2025-10-25 18:26:44.905,2206,2081,Departed
607,CMA CGM MARCO POLO,V356E,7,1,2025-10-24 11:15:00,2025-10-24 13:57:38.730,2025-10-25 06:57:38.730,1253,1276,Departed
608,YM WISDOM,V152E,2,2,2025-10-24 19:00:00,2025-10-24 22:10:08.559,2025-10-25 13:10:08.559,2571,2555,Departed
609,MAERSK MADRID,V392E,10,2,2025-10-25 14:30:00,2025-10-25 13:08:16.315,2025-10-27 11:08:16.315,2234,2323,Departed
610,HYUNDAI VICTORY,V102E,8,2,2025-10-25 01:30:00,2025-10-25 05:04:16.740,2025-10-27 04:04:16.740,2326,2279,Departed
611,CMA CGM MARCO POLO,V326E,7,2,2025-10-26 07:00:00,2025-10-26 12:05:15.107,2025-10-28 03:05:15.107,1513,1558,Departed
612,ZIM ROTTERDAM,V574E,5,3,2025-10-26 01:15:00,2025-10-26 01:41:44.622,2025-10-27 10:41:44.622,1414,1329,Departed
613,ZIM ROTTERDAM,V453E,3,1,2025-10-26 20:30:00,2025-10-26 22:15:49.552,2025-10-28 00:15:49.552,2537,2401,Departed
614,MAERSK MADRID,V539E,2,1,2025-10-26 06:30:00,2025-10-26 05:22:47.625,2025-10-26 20:22:47.625,2293,2299,Departed
615,MSC OSCAR,V552E,5,2,2025-10-27 22:15:00,2025-10-28 00:14:21.340,2025-10-30 00:14:21.340,1328,1346,Departed
616,ZIM ROTTERDAM,V541E,5,1,2025-10-27 08:45:00,2025-10-27 08:57:32.742,2025-10-28 18:57:32.742,1202,1293,Departed
617,ONE APUS,V913E,11,3,2025-10-27 00:15:00,2025-10-27 01:44:52.247,2025-10-28 06:44:52.247,501,518,Departed
618,HMM ALGECIRAS,V873E,5,3,2025-10-27 16:30:00,2025-10-27 14:20:40.730,2025-10-28 06:20:40.730,2155,2170,Departed
619,EVER GIVEN,V994E,8,3,2025-10-28 22:30:00,2025-10-28 21:52:19.309,2025-10-30 07:52:19.309,1319,1355,Departed
620,HMM ALGECIRAS,V213E,11,1,2025-10-28 01:30:00,2025-10-28 00:48:45.012,2025-10-29 15:48:45.012,479,498,Departed
621,YM WISDOM,V723E,6,2,2025-10-28 03:15:00,2025-10-28 03:58:13.453,2025-10-29 21:58:13.453,1602,1611,Departed
622,CMA CGM MARCO POLO,V477E,5,2,2025-10-28 03:45:00,2025-10-28 01:09:10.765,2025-10-28 16:09:10.765,671,704,Departed
623,COSCO SHIPPING UNIVERSE,V217E,2,2,2025-10-29 21:15:00,2025-10-29 20:50:01.816,2025-10-30 15:50:01.816,1973,1901,Departed
624,YM WISDOM,V589E,10,3,2025-10-29 13:15:00,2025-10-29 13:52:13.647,2025-10-30 05:52:13.647,2053,2141,Departed
625,CMA CGM MARCO POLO,V286E,1,2,2025-10-30 13:30:00,2025-10-30 17:09:03.609,2025-11-01 16:09:03.609,1243,1330,Departed
626,EVER GIVEN,V438E,5,2,2025-10-30 04:15:00,2025-10-30 00:15:00.000,2025-10-31 19:15:00.000,2055,2114,Departed
627,EVER GIVEN,V776E,10,2,2025-10-31 05:15:00,2025-10-31 01:15:00.000,2025-10-31 17:15:00.000,1867,1889,Departed
628,ZIM ROTTERDAM,V654E,3,3,2025-10-31 23:45:00,2025-11-01 00:23:22.124,2025-11-02 15:23:22.124,1329,1266,Departed
629,ONE APUS,V960E,11,2,2025-10-31 12:00:00,2025-10-31 10:18:58.084,2025-11-02 06:18:58.084,1588,1595,Departed
630,ZIM ROTTERDAM,V328E,6,1,2025-11-01 16:00:00,2025-11-01 14:17:13.463,2025-11-03 11:17:13.463,607,561,Departed
631,MAERSK MADRID,V524E,3,3,2025-11-01 14:15:00,2025-11-01 14:24:20.710,2025-11-02 23:24:20.710,1874,1772,Departed
632,HYUNDAI VICTORY,V762E,11,3,2025-11-02 11:30:00,2025-11-02 11:53:37.888,2025-11-04 03:53:37.888,1529,1510,Departed
633,COSCO SHIPPING UNIVERSE,V894E,10,3,2025-11-02 00:15:00,2025-11-02 00:18:21.416,2025-11-02 23:18:21.416,1800,1581,Departed
634,HYUNDAI VICTORY,V905E,10,2,2025-11-03 09:15:00,2025-11-03 09:56:12.717,2025-11-04 08:56:12.717,1161,1259,Departed
635,ONE APUS,V640E,4,3,2025-11-03 04:00:00,2025-11-03 03:28:21.733,2025-11-04 22:28:21.733,1872,1912,Departed
636,COSCO SHIPPING UNIVERSE,V287E,12,1,2025-11-03 05:00:00,2025-11-03 07:36:28.852,2025-11-04 19:36:28.852,1268,1192,Departed
637,WAN HAI 805,V500E,3,1,2025-11-03 17:15:00,2025-11-03 18:53:16.531,2025-11-04 15:53:16.531,997,1004,Departed
638,YM WISDOM,V325E,1,2,2025-11-04 06:30:00,2025-11-04 03:00:13.704,2025-11-05 00:00:13.704,1794,1849,Departed
639,ONE APUS,V956E,7,1,2025-11-04 08:45:00,2025-11-04 10:40:23.161,2025-11-05 00:40:23.161,1065,974,Departed
640,MAERSK MADRID,V100E,9,2,2025-11-04 20:30:00,2025-11-04 23:31:11.810,2025-11-05 18:31:11.810,2272,2069,Departed
641,CMA CGM MARCO POLO,V201E,10,3,2025-11-05 12:00:00,2025-11-05 10:28:33.344,2025-11-07 04:28:33.344,1705,1708,Departed
642,ONE APUS,V256E,11,2,2025-11-05 00:45:00,2025-11-05 04:05:35.782,2025-11-06 16:05:35.782,690,586,Departed
643,OOCL HONG KONG,V938E,2,1,2025-11-05 11:15:00,2025-11-05 11:43:32.342,2025-11-07 01:43:32.342,840,789,Departed
644,WAN HAI 805,V648E,10,1,2025-11-05 20:45:00,2025-11-05 20:25:03.217,2025-11-06 23:25:03.217,1867,2013,Departed
645,OOCL HONG KONG,V229E,9,1,2025-11-06 10:15:00,2025-11-06 10:10:21.833,2025-11-07 02:10:21.833,755,733,Departed
646,YM WISDOM,V546E,12,2,2025-11-06 15:15:00,2025-11-06 17:58:34.065,2025-11-07 21:58:34.065,860,778,Departed
647,COSCO SHIPPING UNIVERSE,V558E,3,2,2025-11-06 11:15:00,2025-11-06 11:01:57.266,2025-11-07 23:01:57.266,2765,2964,Departed
648,COSCO SHIPPING UNIVERSE,V653E,8,2,2025-11-07 19:15:00,2025-11-07 19:38:17.775,2025-11-08 13:38:17.775,2201,2375,Departed
649,WAN HAI 805,V373E,3,2,2025-11-07 04:30:00,2025-11-07 02:35:11.460,2025-11-08 14:35:11.460,1317,1397,Departed
650,OOCL HONG KONG,V567E,10,2,2025-11-07 01:45:00,2025-11-07 04:28:19.607,2025-11-07 21:28:19.607,2171,2253,Departed
651,MSC OSCAR,V475E,6,1,2025-11-08 08:30:00,2025-11-08 08:40:01.107,2025-11-09 15:40:01.107,2114,2300,Departed
652,CMA CGM MARCO POLO,V988E,5,3,2025-11-08 07:45:00,2025-11-08 08:42:59.393,2025-11-09 12:42:59.393,1906,1984,Departed
653,EVER GIVEN,V909E,1,3,2025-11-09 17:45:00,2025-11-09 16:48:58.587,2025-11-11 05:48:58.587,2059,1916,Departed
654,CMA CGM MARCO POLO,V935E,4,3,2025-11-09 13:30:00,2025-11-09 13:32:26.936,2025-11-10 06:32:26.936,2124,2120,Departed
655,CMA CGM MARCO POLO,V714E,2,2,2025-11-09 10:00:00,2025-11-09 13:31:25.172,2025-11-10 22:31:25.172,2358,2359,Departed
656,ONE APUS,V733E,3,3,2025-11-09 14:00:00,2025-11-09 10:06:19.662,2025-11-10 22:06:19.662,1884,2071,Departed
657,WAN HAI 805,V531E,5,2,2025-11-10 01:30:00,2025-11-10 02:27:59.451,2025-11-10 20:27:59.451,2247,2471,Departed
658,HYUNDAI VICTORY,V179E,2,3,2025-11-10 20:00:00,2025-11-10 19:51:23.289,2025-11-12 14:51:23.289,1003,969,Departed
659,ZIM ROTTERDAM,V677E,5,3,2025-11-10 18:15:00,2025-11-10 17:22:08.425,2025-11-11 14:22:08.425,842,841,Departed
660,OOCL HONG KONG,V614E,8,1,2025-11-10 20:30:00,2025-11-10 21:05:19.951,2025-11-12 16:05:19.951,2649,2497,Departed
661,ONE APUS,V340E,9,2,2025-11-11 03:15:00,2025-11-11 04:26:28.969,2025-11-12 17:26:28.969,1327,1277,Departed
662,YM WISDOM,V510E,8,3,2025-11-11 09:00:00,2025-11-11 07:44:34.794,2025-11-12 07:44:34.794,722,725,Departed
663,WAN HAI 805,V928E,12,1,2025-11-11 22:15:00,2025-11-11 22:33:43.442,2025-11-12 22:33:43.442,1097,1171,Departed
664,MAERSK MADRID,V921E,10,1,2025-11-12 04:00:00,2025-11-12 04:09:14.807,2025-11-13 06:09:14.807,2732,2680,Departed
665,OOCL HONG KONG,V913E,3,1,2025-11-12 13:15:00,2025-11-12 10:30:52.159,2025-11-13 09:30:52.159,1016,1009,Departed
666,COSCO SHIPPING UNIVERSE,V965E,2,3,2025-11-12 06:15:00,2025-11-12 08:36:39.986,2025-11-13 10:36:39.986,2524,2730,Departed
667,MAERSK MADRID,V336E,2,2,2025-11-12 18:00:00,2025-11-12 16:45:46.855,2025-11-14 01:45:46.855,643,645,Departed
668,HYUNDAI VICTORY,V694E,4,1,2025-11-13 06:45:00,2025-11-13 06:58:55.109,2025-11-14 20:58:55.109,2090,2069,Departed
669,MSC OSCAR,V414E,1,2,2025-11-13 12:45:00,2025-11-13 11:04:16.609,2025-11-14 13:04:16.609,524,524,Departed
670,ONE APUS,V235E,9,1,2025-11-13 21:00:00,2025-11-13 19:03:07.229,2025-11-14 14:03:07.229,1877,1811,Departed
671,EVER GIVEN,V146E,10,3,2025-11-13 16:45:00,2025-11-13 16:16:24.168,2025-11-15 00:16:24.168,552,582,Departed
672,ZIM ROTTERDAM,V891E,5,1,2025-11-14 14:15:00,2025-11-14 13:07:51.217,2025-11-16 00:07:51.217,1689,1701,Departed
673,OOCL HONG KONG,V156E,7,1,2025-11-14 00:30:00,2025-11-13 21:18:12.894,2025-11-14 15:18:12.894,1469,1431,Departed
674,HYUNDAI VICTORY,V308E,3,2,2025-11-15 23:30:00,2025-11-15 20:56:42.631,2025-11-17 06:56:42.631,2552,2500,Departed
675,ZIM ROTTERDAM,V756E,12,2,2025-11-15 11:30:00,2025-11-15 10:19:36.909,2025-11-17 05:19:36.909,1402,1494,Departed
676,COSCO SHIPPING UNIVERSE,V867E,12,2,2025-11-15 23:15:00,2025-11-15 22:30:16.007,2025-11-17 08:30:16.007,842,887,Departed
677,OOCL HONG KONG,V182E,9,2,2025-11-15 18:45:00,2025-11-15 19:45:35.068,2025-11-16 10:45:35.068,1448,1470,Departed
678,MAERSK MADRID,V570E,2,3,2025-11-16 22:15:00,2025-11-16 21:50:47.228,2025-11-18 09:50:47.228,1043,1147,Departed
679,EVER GIVEN,V893E,12,3,2025-11-16 04:45:00,2025-11-16 03:54:58.075,2025-11-17 18:54:58.075,1907,1879,Departed
680,WAN HAI 805,V771E,1,1,2025-11-16 12:30:00,2025-11-16 11:02:31.234,2025-11-17 01:02:31.234,1794,1743,Departed
681,ONE APUS,V598E,8,3,2025-11-17 13:30:00,2025-11-17 13:34:37.183,2025-11-19 13:34:37.183,545,526,Departed
682,COSCO SHIPPING UNIVERSE,V417E,9,1,2025-11-17 20:00:00,2025-11-17 20:12:45.368,2025-11-19 02:12:45.368,1364,1428,Departed
683,MAERSK MADRID,V859E,7,2,2025-11-17 15:45:00,2025-11-17 16:09:47.144,2025-11-18 11:09:47.144,981,1067,Departed
684,EVER GIVEN,V211E,2,3,2025-11-18 19:15:00,2025-11-18 17:30:41.552,2025-11-19 08:30:41.552,2438,2368,Departed
685,HMM ALGECIRAS,V170E,2,3,2025-11-18 07:30:00,2025-11-18 07:16:35.480,2025-11-20 07:16:35.480,634,673,Departed
686,HYUNDAI VICTORY,V329E,7,1,2025-11-19 16:45:00,2025-11-19 17:46:37.327,2025-11-21 01:46:37.327,2664,2520,Departed
687,MAERSK MADRID,V694E,10,1,2025-11-19 08:45:00,2025-11-19 04:45:00.000,2025-11-20 01:45:00.000,1554,1598,Departed
688,WAN HAI 805,V265E,4,1,2025-11-20 03:30:00,2025-11-20 04:34:51.588,2025-11-21 12:34:51.588,2098,2245,Departed
689,MAERSK MADRID,V244E,6,1,2025-11-20 11:45:00,2025-11-20 12:45:01.472,2025-11-22 03:45:01.472,2233,2318,Departed
690,EVER GIVEN,V926E,8,3,2025-11-20 06:45:00,2025-11-20 04:10:50.108,2025-11-21 15:10:50.108,1445,1558,Departed
691,EVER GIVEN,V220E,11,2,2025-11-21 15:00:00,2025-11-21 16:41:01.774,2025-11-23 15:41:01.774,1261,1298,Departed
692,EVER GIVEN,V953E,3,2,2025-11-21 05:45:00,2025-11-21 05:24:15.609,2025-11-22 01:24:15.609,1785,1716,Departed
693,ZIM ROTTERDAM,V207E,2,3,2025-11-21 09:45:00,2025-11-21 10:36:07.813,2025-11-23 01:36:07.813,2798,2909,Departed
694,MSC OSCAR,V445E,12,2,2025-11-22 03:15:00,2025-11-22 05:07:41.218,2025-11-23 06:07:41.218,2229,2081,Departed
695,HMM ALGECIRAS,V355E,7,1,2025-11-22 20:45:00,2025-11-23 01:39:56.475,2025-11-23 18:39:56.475,688,683,Departed
696,MAERSK MADRID,V678E,9,2,2025-11-22 22:30:00,2025-11-23 01:26:36.413,2025-11-24 08:26:36.413,1838,1620,Departed
697,OOCL HONG KONG,V196E,4,3,2025-11-22 23:30:00,2025-11-22 22:00:41.899,2025-11-24 12:00:41.899,1981,1981,Departed
698,CMA CGM MARCO POLO,V191E,3,1,2025-11-23 07:00:00,2025-11-23 04:47:47.911,2025-11-24 11:47:47.911,1949,1860,Departed
699,HYUNDAI VICTORY,V217E,2,1,2025-11-23 23:30:00,2025-11-23 21:02:29.979,2025-11-24 15:02:29.979,921,997,Departed
700,COSCO SHIPPING UNIVERSE,V724E,8,3,2025-11-23 15:45:00,2025-11-23 13:21:56.655,2025-11-24 10:21:56.655,425,414,Departed
701,EVER GIVEN,V750E,7,2,2025-11-23 00:00:00,2025-11-22 23:43:27.643,2025-11-24 14:43:27.643,671,663,Departed
702,HMM ALGECIRAS,V652E,3,2,2025-11-24 11:45:00,2025-11-24 10:00:01.686,2025-11-25 22:00:01.686,898,918,Departed
703,EVER GIVEN,V317E,11,1,2025-11-24 20:30:00,2025-11-24 19:16:28.225,2025-11-26 12:16:28.225,1600,1578,Departed
704,YM WISDOM,V828E,2,1,2025-11-25 20:00:00,2025-11-25 19:12:43.830,2025-11-27 18:12:43.830,2769,2659,Departed
705,ONE APUS,V263E,8,1,2025-11-25 05:00:00,2025-11-25 03:31:25.067,2025-11-26 12:31:25.067,1051,965,Departed
706,MAERSK MADRID,V774E,6,1,2025-11-25 12:15:00,2025-11-25 12:52:41.653,2025-11-26 17:52:41.653,974,900,Departed
707,COSCO SHIPPING UNIVERSE,V221E,5,1,2025-11-26 06:45:00,2025-11-26 06:46:46.890,2025-11-27 04:46:46.890,2182,2112,Departed
708,COSCO SHIPPING UNIVERSE,V963E,4,1,2025-11-26 18:30:00,2025-11-26 20:14:23.481,2025-11-27 22:14:23.481,403,378,Departed
709,ZIM ROTTERDAM,V462E,4,3,2025-11-26 10:45:00,2025-11-26 09:18:30.643,2025-11-27 23:18:30.643,933,884,Departed
710,CMA CGM MARCO POLO,V300E,3,3,2025-11-27 17:45:00,2025-11-27 18:19:05.258,2025-11-28 10:19:05.258,522,514,Departed
711,COSCO SHIPPING UNIVERSE,V148E,9,1,2025-11-27 01:30:00,2025-11-27 00:37:37.402,2025-11-28 08:37:37.402,2415,2384,Departed
712,WAN HAI 805,V351E,7,2,2025-11-28 11:45:00,2025-11-28 10:43:57.164,2025-11-30 04:43:57.164,515,555,Departed
713,MAERSK MADRID,V646E,10,2,2025-11-28 01:15:00,2025-11-27 23:57:44.872,2025-11-29 00:57:44.872,1537,1532,Departed
714,HMM ALGECIRAS,V357E,4,1,2025-11-28 19:00:00,2025-11-28 19:11:49.166,2025-11-30 09:11:49.166,1518,1563,Departed
715,EVER GIVEN,V172E,9,2,2025-11-29 20:30:00,2025-11-29 21:43:22.851,2025-12-01 15:43:22.851,2159,2019,Departed
716,EVER GIVEN,V901E,1,2,2025-11-29 21:30:00,2025-11-29 18:32:00.727,2025-12-01 15:32:00.727,2105,2254,Departed
717,HMM ALGECIRAS,V882E,8,3,2025-11-30 15:00:00,2025-11-30 13:57:58.483,2025-12-01 23:57:58.483,1615,1661,Departed
718,WAN HAI 805,V443E,10,2,2025-11-30 07:45:00,2025-11-30 08:19:35.051,2025-12-01 09:19:35.051,434,456,Departed
719,WAN HAI 805,V515E,5,1,2025-11-30 22:00:00,2025-11-30 22:10:43.573,2025-12-01 18:10:43.573,1584,1742,Departed
720,MSC OSCAR,V596E,2,1,2025-12-01 11:15:00,2025-12-01 10:40:15.915,2025-12-03 08:40:15.915,517,537,Departed
721,WAN HAI 805,V816E,5,1,2025-12-01 11:15:00,2025-12-01 13:52:54.722,2025-12-03 03:52:54.722,982,1033,Departed
722,WAN HAI 805,V815E,8,2,2025-12-02 10:15:00,2025-12-02 08:04:40.154,2025-12-03 22:04:40.154,1114,1204,Departed
723,ONE APUS,V424E,11,2,2025-12-02 04:30:00,2025-12-02 08:10:44.791,2025-12-03 03:10:44.791,1280,1304,Departed
724,ONE APUS,V960E,2,2,2025-12-03 23:15:00,2025-12-03 20:38:25.554,2025-12-04 19:38:25.554,1669,1735,Departed
725,COSCO SHIPPING UNIVERSE,V472E,3,3,2025-12-03 14:30:00,2025-12-03 13:03:00.651,2025-12-04 15:03:00.651,939,898,Departed
726,ONE APUS,V316E,6,2,2025-12-04 09:15:00,2025-12-04 09:18:19.121,2025-12-05 19:18:19.121,1759,1827,Departed
727,MSC OSCAR,V650E,8,3,2025-12-04 04:45:00,2025-12-04 06:32:56.611,2025-12-04 22:32:56.611,1059,997,Departed
728,OOCL HONG KONG,V221E,9,2,2025-12-05 05:00:00,2025-12-05 03:48:56.959,2025-12-07 03:48:56.959,2722,2520,Departed
729,HYUNDAI VICTORY,V339E,10,3,2025-12-05 05:30:00,2025-12-05 07:25:51.995,2025-12-06 12:25:51.995,1856,1955,Departed
730,MAERSK MADRID,V105E,7,1,2025-12-06 05:45:00,2025-12-06 02:26:57.743,2025-12-07 23:26:57.743,2266,2136,Departed
731,HMM ALGECIRAS,V874E,12,3,2025-12-06 04:00:00,2025-12-06 02:15:59.137,2025-12-06 22:15:59.137,1251,1283,Departed
732,COSCO SHIPPING UNIVERSE,V720E,8,2,2025-12-06 23:00:00,2025-12-07 03:18:18.912,2025-12-07 17:18:18.912,1898,2001,Departed
733,YM WISDOM,V277E,1,1,2025-12-06 06:15:00,2025-12-06 07:09:53.944,2025-12-07 13:09:53.944,2737,2738,Departed
734,WAN HAI 805,V138E,3,3,2025-12-07 23:00:00,2025-12-07 21:45:52.994,2025-12-08 11:45:52.994,1074,1028,Departed
735,ONE APUS,V435E,3,3,2025-12-07 18:15:00,2025-12-07 17:59:52.175,2025-12-09 09:59:52.175,2042,1994,Departed
736,HYUNDAI VICTORY,V643E,11,3,2025-12-08 23:15:00,2025-12-08 22:28:56.716,2025-12-09 23:28:56.716,1255,1139,Departed
737,WAN HAI 805,V942E,3,3,2025-12-08 18:30:00,2025-12-08 16:54:11.452,2025-12-10 12:54:11.452,1920,1959,Departed
738,ONE APUS,V702E,5,1,2025-12-08 04:30:00,2025-12-08 03:24:22.093,2025-12-08 19:24:22.093,2239,2267,Departed
739,MAERSK MADRID,V101E,9,2,2025-12-08 19:30:00,2025-12-08 21:07:35.914,2025-12-10 01:07:35.914,1007,1027,Departed
740,ONE APUS,V168E,5,3,2025-12-09 17:30:00,2025-12-09 17:32:04.985,2025-12-11 00:32:04.985,878,838,Departed
741,OOCL HONG KONG,V685E,6,1,2025-12-09 12:30:00,2025-12-09 12:53:46.707,2025-12-10 10:53:46.707,1546,1464,Departed
742,EVER GIVEN,V535E,10,2,2025-12-09 05:30:00,2025-12-09 04:13:19.111,2025-12-11 01:13:19.111,2080,1972,Departed
743,HYUNDAI VICTORY,V192E,4,2,2025-12-09 22:45:00,2025-12-09 21:36:23.561,2025-12-10 19:36:23.561,1829,1748,Departed
744,ZIM ROTTERDAM,V808E,7,1,2025-12-10 19:00:00,2025-12-10 19:47:52.164,2025-12-12 15:47:52.164,2506,2317,Departed
745,ZIM ROTTERDAM,V384E,2,1,2025-12-10 16:45:00,2025-12-10 15:43:10.176,2025-12-11 22:43:10.176,2377,2341,Departed
746,MAERSK MADRID,V818E,12,1,2025-12-10 04:45:00,2025-12-10 06:04:21.247,2025-12-12 04:04:21.247,1446,1512,Departed
747,HYUNDAI VICTORY,V659E,8,2,2025-12-11 02:45:00,2025-12-11 10:48:46.918,2025-12-12 00:48:46.918,1473,1606,Departed
748,OOCL HONG KONG,V540E,4,1,2025-12-11 13:30:00,2025-12-11 12:16:42.292,2025-12-12 04:16:42.292,1366,1319,Departed
749,ZIM ROTTERDAM,V285E,5,3,2025-12-11 11:30:00,2025-12-11 10:51:05.490,2025-12-13 05:51:05.490,2211,2364,Departed
750,WAN HAI 805,V282E,12,1,2025-12-11 04:15:00,2025-12-11 03:30:30.622,2025-12-12 13:30:30.622,2292,2168,Departed
751,COSCO SHIPPING UNIVERSE,V703E,2,3,2025-12-12 09:15:00,2025-12-12 09:05:01.420,2025-12-13 10:05:01.420,1614,1612,Departed
752,HMM ALGECIRAS,V103E,4,3,2025-12-12 03:15:00,2025-12-12 06:36:54.869,2025-12-13 14:36:54.869,2246,2121,Departed
753,HMM ALGECIRAS,V925E,11,1,2025-12-12 07:15:00,2025-12-12 04:39:34.707,2025-12-13 06:39:34.707,2059,2195,Departed
754,ONE APUS,V657E,12,1,2025-12-13 06:30:00,2025-12-13 03:53:21.665,2025-12-14 22:53:21.665,1874,1914,Departed
755,ONE APUS,V993E,10,3,2025-12-13 14:00:00,2025-12-13 14:25:31.909,2025-12-14 22:25:31.909,1283,1192,Departed
756,MAERSK MADRID,V583E,3,3,2025-12-13 01:30:00,2025-12-13 01:41:32.442,2025-12-14 02:41:32.442,1017,1054,Departed
757,HYUNDAI VICTORY,V173E,8,3,2025-12-14 06:00:00,2025-12-14 07:16:38.219,2025-12-15 17:16:38.219,570,584,Departed
758,COSCO SHIPPING UNIVERSE,V425E,6,1,2025-12-14 01:15:00,2025-12-13 21:57:29.143,2025-12-15 17:57:29.143,2528,2301,Departed
759,WAN HAI 805,V536E,11,3,2025-12-15 13:15:00,2025-12-15 11:50:00.829,2025-12-17 00:50:00.829,1017,1074,Departed
760,OOCL HONG KONG,V996E,8,3,2025-12-15 17:00:00,2025-12-15 17:10:45.512,2025-12-16 10:10:45.512,545,540,Departed
761,HYUNDAI VICTORY,V115E,6,1,2025-12-16 21:30:00,2025-12-16 20:54:47.823,2025-12-17 15:54:47.823,771,827,Departed
762,ONE APUS,V777E,10,1,2025-12-16 18:00:00,2025-12-16 18:04:21.393,2025-12-18 10:04:21.393,631,605,Departed
763,MSC OSCAR,V705E,4,2,2025-12-17 08:00:00,2025-12-17 08:44:16.219,2025-12-18 17:44:16.219,1567,1592,Departed
764,HMM ALGECIRAS,V567E,8,3,2025-12-17 22:30:00,2025-12-17 22:35:43.175,2025-12-19 08:35:43.175,1462,1478,Departed
765,ZIM ROTTERDAM,V304E,2,1,2025-12-17 04:15:00,2025-12-17 05:16:42.549,2025-12-18 13:16:42.549,402,371,Departed
766,OOCL HONG KONG,V249E,5,2,2025-12-18 22:30:00,2025-12-18 21:55:36.622,2025-12-20 18:55:36.622,1981,1991,Departed
767,COSCO SHIPPING UNIVERSE,V515E,5,2,2025-12-18 13:00:00,2025-12-18 13:13:51.039,2025-12-19 06:13:51.039,1284,1230,Departed
768,CMA CGM MARCO POLO,V774E,4,2,2025-12-19 21:15:00,2025-12-20 01:25:57.011,2025-12-21 08:25:57.011,2419,2539,Departed
769,EVER GIVEN,V801E,3,1,2025-12-19 14:45:00,2025-12-19 16:04:54.312,2025-12-20 21:04:54.312,401,417,Departed
770,ONE APUS,V120E,3,3,2025-12-19 12:30:00,2025-12-19 11:23:00.057,2025-12-21 01:23:00.057,2121,2184,Departed
771,MSC OSCAR,V603E,7,3,2025-12-19 21:15:00,2025-12-19 22:14:11.945,2025-12-21 19:14:11.945,1518,1629,Departed
772,ONE APUS,V389E,4,3,2025-12-20 16:45:00,2025-12-20 13:11:58.162,2025-12-22 03:11:58.162,2702,2839,Departed
773,WAN HAI 805,V666E,10,2,2025-12-20 09:45:00,2025-12-20 10:24:00.400,2025-12-21 04:24:00.400,1243,1275,Departed
774,ONE APUS,V712E,9,3,2025-12-21 20:00:00,2025-12-21 20:38:04.565,2025-12-23 06:38:04.565,1622,1568,Departed
775,YM WISDOM,V129E,2,1,2025-12-21 08:15:00,2025-12-21 06:25:45.764,2025-12-23 05:25:45.764,652,616,Departed
776,ONE APUS,V478E,6,3,2025-12-21 14:30:00,2025-12-21 11:30:44.358,2025-12-22 23:30:44.358,926,930,Departed
777,HMM ALGECIRAS,V390E,6,2,2025-12-21 14:00:00,2025-12-21 10:00:00.000,2025-12-22 12:00:00.000,1758,1740,Departed
778,HYUNDAI VICTORY,V993E,7,3,2025-12-22 05:00:00,2025-12-22 02:26:49.347,2025-12-23 00:26:49.347,1389,1453,Departed
779,HYUNDAI VICTORY,V623E,2,3,2025-12-22 03:45:00,2025-12-22 06:22:36.378,2025-12-23 08:22:36.378,1595,1639,Departed
780,HYUNDAI VICTORY,V528E,12,1,2025-12-22 02:15:00,2025-12-22 02:52:59.086,2025-12-23 19:52:59.086,2082,2134,Departed
781,MAERSK MADRID,V622E,2,3,2025-12-22 17:30:00,2025-12-22 16:51:12.445,2025-12-23 08:51:12.445,2282,2374,Departed
782,ONE APUS,V701E,10,1,2025-12-23 18:30:00,2025-12-23 18:42:21.598,2025-12-24 23:42:21.598,1204,1290,Departed
783,YM WISDOM,V963E,11,2,2025-12-23 16:00:00,2025-12-23 20:02:06.301,2025-12-25 03:02:06.301,1332,1354,Departed
784,ONE APUS,V772E,11,3,2025-12-24 15:30:00,2025-12-24 15:33:01.417,2025-12-26 06:33:01.417,1215,1289,Departed
785,ONE APUS,V589E,6,3,2025-12-24 21:15:00,2025-12-24 17:52:03.440,2025-12-25 12:52:03.440,1009,1050,Departed
786,ZIM ROTTERDAM,V348E,5,1,2025-12-24 22:00:00,2025-12-25 00:29:14.950,2025-12-26 20:29:14.950,1681,1849,Departed
787,ZIM ROTTERDAM,V133E,9,3,2025-12-24 17:00:00,2025-12-24 20:45:14.513,2025-12-26 17:45:14.513,461,480,Departed
788,ZIM ROTTERDAM,V982E,7,3,2025-12-25 16:15:00,2025-12-25 17:33:02.859,2025-12-27 15:33:02.859,574,585,Departed
789,HYUNDAI VICTORY,V819E,9,1,2025-12-25 00:45:00,2025-12-25 00:16:13.195,2025-12-26 17:16:13.195,2347,2511,Departed
790,MSC OSCAR,V902E,10,3,2025-12-26 12:00:00,2025-12-26 10:52:27.056,2025-12-27 08:52:27.056,427,440,Departed
791,OOCL HONG KONG,V215E,9,1,2025-12-26 00:15:00,2025-12-26 02:54:06.486,2025-12-26 21:54:06.486,2320,2353,Departed
792,MAERSK MADRID,V119E,6,2,2025-12-26 15:15:00,2025-12-26 14:40:50.623,2025-12-27 04:40:50.623,1849,1798,Departed
793,OOCL HONG KONG,V902E,12,2,2025-12-26 10:15:00,2025-12-26 12:00:04.510,2025-12-28 09:00:04.510,2170,2016,Departed
794,OOCL HONG KONG,V470E,8,2,2025-12-27 13:30:00,2025-12-27 13:38:24.288,2025-12-29 08:38:24.288,1772,1642,Departed
795,CMA CGM MARCO POLO,V349E,2,2,2025-12-27 15:00:00,2025-12-27 14:12:42.691,2025-12-28 15:12:42.691,2427,2361,Departed
796,MSC OSCAR,V973E,3,3,2025-12-28 22:00:00,2025-12-28 21:33:02.650,2025-12-30 11:33:02.650,2488,2656,Departed
797,WAN HAI 805,V139E,11,1,2025-12-28 18:45:00,2025-12-28 18:55:45.385,2025-12-30 00:55:45.385,697,702,Departed
798,MSC OSCAR,V898E,2,3,2025-12-28 07:15:00,2025-12-28 05:45:20.705,2025-12-29 08:45:20.705,903,930,Departed
799,COSCO SHIPPING UNIVERSE,V688E,10,1,2025-12-29 12:30:00,2025-12-29 10:24:50.623,2025-12-30 07:24:50.623,803,756,Departed
800,ZIM ROTTERDAM,V955E,2,2,2025-12-29 22:00:00,2025-12-29 20:03:06.602,2025-12-31 05:03:06.602,2267,2363,Departed
801,MSC OSCAR,V495E,3,1,2025-12-29 11:45:00,2025-12-29 10:15:43.994,2025-12-30 15:15:43.994,1325,1283,Departed
802,COSCO SHIPPING UNIVERSE,V705E,12,1,2025-12-29 11:15:00,2025-12-29 13:37:15.016,2025-12-30 04:37:15.016,1961,1815,Departed
803,ONE APUS,V363E,4,2,2025-12-30 02:30:00,2025-12-30 07:34:23.631,2025-12-31 00:34:23.631,481,458,Departed
804,MSC OSCAR,V725E,6,2,2025-12-30 03:45:00,2025-12-30 03:53:35.475,2026-01-01 00:53:35.475,2276,2291,Departed
805,ONE APUS,V539E,11,1,2025-12-30 03:45:00,2025-12-30 01:31:51.509,2025-12-31 04:31:51.509,2685,2501,Departed
806,YM WISDOM,V218E,4,3,2025-12-31 10:45:00,2025-12-31 11:33:15.538,2026-01-02 10:33:15.538,708,640,Departed
807,ZIM ROTTERDAM,V991E,2,2,2025-12-31 21:00:00,2025-12-31 18:46:52.605,2026-01-01 20:46:52.605,1753,1752,Departed
808,COSCO SHIPPING UNIVERSE,V447E,2,2,2025-12-31 02:15:00,2025-12-31 01:35:52.792,2026-01-01 09:35:52.792,1081,1135,Departed
809,ONE APUS,V111E,1,2,2025-12-31 11:15:00,2025-12-31 12:33:39.612,2026-01-01 09:33:39.612,1355,1307,Departed
810,CMA CGM MARCO POLO,V839E,4,3,2026-01-01 23:30:00,2026-01-01 22:07:12.155,2026-01-03 06:07:12.155,2632,2895,Departed
811,HYUNDAI VICTORY,V934E,2,2,2026-01-01 19:15:00,2026-01-01 17:49:18.963,2026-01-02 08:49:18.963,664,686,Departed
812,EVER GIVEN,V253E,4,1,2026-01-01 14:30:00,2026-01-01 12:57:37.822,2026-01-03 04:57:37.822,1748,1831,Departed
813,ZIM ROTTERDAM,V328E,11,3,2026-01-01 12:00:00,2026-01-01 14:07:20.277,2026-01-03 02:07:20.277,2312,2087,Departed
814,ZIM ROTTERDAM,V899E,11,2,2026-01-02 06:45:00,2026-01-02 08:42:28.915,2026-01-03 15:42:28.915,2390,2505,Departed
815,COSCO SHIPPING UNIVERSE,V603E,11,1,2026-01-02 09:45:00,2026-01-02 10:55:17.570,2026-01-03 19:55:17.570,694,677,Departed
816,OOCL HONG KONG,V186E,3,2,2026-01-03 11:30:00,2026-01-03 12:50:12.353,2026-01-04 04:50:12.353,1809,1699,Departed
817,WAN HAI 805,V681E,11,3,2026-01-03 02:45:00,2026-01-03 03:43:45.904,2026-01-03 19:43:45.904,822,807,Departed
818,EVER GIVEN,V187E,12,2,2026-01-03 05:00:00,2026-01-03 03:59:45.864,2026-01-03 19:59:45.864,1792,1750,Departed
819,OOCL HONG KONG,V415E,1,1,2026-01-04 12:30:00,2026-01-04 11:14:44.840,2026-01-06 08:14:44.840,1857,1772,Departed
820,WAN HAI 805,V720E,5,3,2026-01-04 13:15:00,2026-01-04 09:46:24.972,2026-01-05 12:46:24.972,2513,2598,Departed
821,WAN HAI 805,V477E,10,1,2026-01-04 14:30:00,2026-01-04 18:50:36.396,2026-01-06 08:50:36.396,1346,1423,Departed
822,YM WISDOM,V377E,6,3,2026-01-04 12:00:00,2026-01-04 12:05:18.074,2026-01-05 09:05:18.074,631,615,Departed
823,OOCL HONG KONG,V711E,12,1,2026-01-05 09:15:00,2026-01-05 09:01:36.804,2026-01-07 02:01:36.804,1064,1094,Departed
824,HYUNDAI VICTORY,V929E,7,3,2026-01-05 13:15:00,2026-01-05 12:17:43.998,2026-01-06 02:17:43.998,2348,2313,Departed
825,YM WISDOM,V309E,6,3,2026-01-05 08:00:00,2026-01-05 06:33:39.008,2026-01-06 22:33:39.008,643,684,Departed
826,MAERSK MADRID,V716E,9,3,2026-01-05 20:00:00,2026-01-05 17:39:13.122,2026-01-06 09:39:13.122,1768,1877,Departed
827,COSCO SHIPPING UNIVERSE,V244E,5,1,2026-01-06 09:15:00,2026-01-06 11:42:54.069,2026-01-07 19:42:54.069,2569,2608,Departed
828,EVER GIVEN,V937E,6,3,2026-01-06 20:45:00,2026-01-06 21:53:44.414,2026-01-08 10:53:44.414,782,800,Departed
829,WAN HAI 805,V676E,2,2,2026-01-07 01:30:00,2026-01-07 01:57:06.649,2026-01-07 22:57:06.649,2610,2782,Departed
830,WAN HAI 805,V347E,11,3,2026-01-07 17:45:00,2026-01-07 14:07:33.004,2026-01-09 09:07:33.004,2450,2260,Departed
831,ONE APUS,V547E,1,1,2026-01-07 22:45:00,2026-01-07 23:48:07.356,2026-01-08 21:48:07.356,1260,1204,Departed
832,ZIM ROTTERDAM,V548E,12,2,2026-01-07 03:15:00,2026-01-07 03:01:20.577,2026-01-07 21:01:20.577,660,612,Departed
833,YM WISDOM,V378E,3,2,2026-01-08 01:30:00,2026-01-08 06:43:26.298,2026-01-09 18:43:26.298,1191,1235,Departed
834,CMA CGM MARCO POLO,V563E,3,1,2026-01-08 15:45:00,2026-01-08 15:22:31.342,2026-01-09 14:22:31.342,1855,2040,Departed
835,ONE APUS,V415E,2,3,2026-01-08 09:15:00,2026-01-08 09:08:21.531,2026-01-10 01:08:21.531,2789,2867,Departed
836,YM WISDOM,V401E,8,2,2026-01-08 06:00:00,2026-01-08 02:00:00.000,2026-01-09 15:00:00.000,2738,2899,Departed
837,HMM ALGECIRAS,V285E,10,1,2026-01-09 03:30:00,2026-01-09 03:35:55.113,2026-01-10 23:35:55.113,2202,2144,Departed
838,ZIM ROTTERDAM,V893E,7,3,2026-01-09 12:45:00,2026-01-09 15:23:22.444,2026-01-11 09:23:22.444,2140,2273,Departed
839,ZIM ROTTERDAM,V514E,12,2,2026-01-09 08:30:00,2026-01-09 06:24:46.004,2026-01-10 00:24:46.004,1065,1105,Departed
840,YM WISDOM,V682E,7,1,2026-01-09 03:15:00,2026-01-09 00:07:45.338,2026-01-10 20:07:45.338,1120,1095,Departed
841,OOCL HONG KONG,V386E,11,3,2026-01-10 18:00:00,2026-01-10 17:21:44.277,2026-01-12 17:21:44.277,1954,1988,Departed
842,MSC OSCAR,V479E,2,2,2026-01-10 14:15:00,2026-01-10 14:47:24.871,2026-01-11 16:47:24.871,1998,1971,Departed
843,COSCO SHIPPING UNIVERSE,V618E,8,3,2026-01-11 04:00:00,2026-01-11 04:29:41.528,2026-01-13 00:29:41.528,2102,2087,Departed
844,MSC OSCAR,V451E,10,2,2026-01-11 14:15:00,2026-01-11 12:08:18.917,2026-01-13 08:08:18.917,2399,2444,Departed
845,ONE APUS,V471E,11,2,2026-01-11 15:00:00,2026-01-11 13:36:00.900,2026-01-13 09:36:00.900,2242,2290,Departed
846,HMM ALGECIRAS,V964E,8,2,2026-01-12 01:15:00,2026-01-12 02:39:38.862,2026-01-13 21:39:38.862,1141,1191,Departed
847,MSC OSCAR,V285E,2,3,2026-01-12 11:30:00,2026-01-12 09:27:20.553,2026-01-13 22:27:20.553,986,931,Departed
848,MAERSK MADRID,V361E,10,3,2026-01-12 11:45:00,2026-01-12 12:01:18.513,2026-01-13 19:01:18.513,1358,1284,Departed
849,CMA CGM MARCO POLO,V309E,2,1,2026-01-13 02:30:00,2026-01-13 02:21:48.415,2026-01-14 02:21:48.415,2136,2168,Departed
850,MSC OSCAR,V357E,1,3,2026-01-13 19:15:00,2026-01-13 19:53:19.899,2026-01-15 00:53:19.899,781,793,Departed
851,OOCL HONG KONG,V174E,3,3,2026-01-13 14:45:00,2026-01-13 14:28:22.220,2026-01-14 18:28:22.220,1921,1665,Departed
852,CMA CGM MARCO POLO,V485E,7,1,2026-01-13 07:15:00,2026-01-13 09:58:07.639,2026-01-14 01:58:07.639,1003,1075,Departed
853,WAN HAI 805,V917E,8,1,2026-01-14 06:15:00,2026-01-14 03:36:53.236,2026-01-15 16:36:53.236,2005,1961,Departed
854,WAN HAI 805,V371E,6,3,2026-01-14 02:00:00,2026-01-14 00:04:26.899,2026-01-15 14:04:26.899,547,560,Departed
855,MAERSK MADRID,V354E,4,3,2026-01-15 05:15:00,2026-01-15 08:37:21.749,2026-01-16 02:37:21.749,2269,2150,Departed
856,WAN HAI 805,V752E,11,1,2026-01-15 20:45:00,2026-01-15 17:46:29.328,2026-01-17 06:46:29.328,2185,2189,Departed
857,HYUNDAI VICTORY,V832E,12,3,2026-01-16 11:15:00,2026-01-16 12:43:45.443,2026-01-17 11:43:45.443,638,636,Departed
858,HYUNDAI VICTORY,V282E,10,1,2026-01-16 15:00:00,2026-01-16 16:05:11.452,2026-01-17 17:05:11.452,2453,2529,Departed
859,OOCL HONG KONG,V303E,7,1,2026-01-16 07:15:00,2026-01-16 04:24:08.349,2026-01-17 21:24:08.349,1698,1744,Departed
860,ONE APUS,V189E,9,2,2026-01-16 03:15:00,2026-01-16 02:41:35.940,2026-01-17 19:41:35.940,2089,2069,Departed
861,HYUNDAI VICTORY,V654E,5,2,2026-01-17 07:30:00,2026-01-17 06:56:29.960,2026-01-18 11:56:29.960,833,892,Departed
862,YM WISDOM,V390E,5,3,2026-01-17 19:00:00,2026-01-17 20:38:53.441,2026-01-19 08:38:53.441,1907,2012,Departed
863,ONE APUS,V165E,12,2,2026-01-17 17:00:00,2026-01-17 17:09:28.133,2026-01-19 01:09:28.133,1313,1388,Departed
864,COSCO SHIPPING UNIVERSE,V123E,10,1,2026-01-18 19:45:00,2026-01-18 20:41:21.591,2026-01-20 07:41:21.591,1443,1392,Departed
865,COSCO SHIPPING UNIVERSE,V939E,4,3,2026-01-18 01:15:00,2026-01-18 02:48:42.981,2026-01-19 18:48:42.981,1991,2010,Departed
866,ZIM ROTTERDAM,V148E,5,2,2026-01-18 20:15:00,2026-01-18 20:27:51.429,2026-01-20 09:27:51.429,1201,1042,Departed
867,OOCL HONG KONG,V603E,8,3,2026-01-19 06:30:00,2026-01-19 04:47:09.481,2026-01-20 14:47:09.481,2417,2264,Departed
868,CMA CGM MARCO POLO,V959E,7,1,2026-01-19 09:30:00,2026-01-19 08:02:28.679,2026-01-20 14:02:28.679,2441,2577,Departed
869,COSCO SHIPPING UNIVERSE,V807E,8,1,2026-01-19 21:00:00,2026-01-19 20:06:28.389,2026-01-20 19:06:28.389,726,731,Departed
870,ZIM ROTTERDAM,V742E,12,3,2026-01-19 15:15:00,2026-01-19 13:02:59.308,2026-01-21 12:02:59.308,1913,1832,Departed
871,HMM ALGECIRAS,V672E,3,1,2026-01-20 15:30:00,2026-01-20 15:37:45.930,2026-01-22 09:37:45.930,1524,1576,Departed
872,COSCO SHIPPING UNIVERSE,V992E,12,3,2026-01-20 02:30:00,2026-01-20 01:56:55.928,2026-01-20 23:56:55.928,931,950,Departed
873,EVER GIVEN,V704E,6,1,2026-01-21 18:45:00,2026-01-21 19:51:44.178,2026-01-22 10:51:44.178,1081,1043,Departed
874,EVER GIVEN,V723E,8,3,2026-01-21 01:15:00,2026-01-21 01:11:47.141,2026-01-22 08:11:47.141,1492,1322,Departed
875,MAERSK MADRID,V345E,6,3,2026-01-21 13:15:00,2026-01-21 14:43:39.355,2026-01-22 19:43:39.355,600,563,Departed
876,YM WISDOM,V672E,12,3,2026-01-22 09:45:00,2026-01-22 09:44:24.654,2026-01-23 17:44:24.654,2215,2118,Departed
877,HYUNDAI VICTORY,V943E,10,1,2026-01-22 08:30:00,2026-01-22 06:20:08.577,2026-01-23 18:20:08.577,1305,1222,Departed
878,YM WISDOM,V204E,11,2,2026-01-22 09:00:00,2026-01-22 08:39:07.427,2026-01-23 07:39:07.427,2109,2238,Departed
879,MSC OSCAR,V541E,2,3,2026-01-23 00:45:00,2026-01-23 05:46:09.542,2026-01-25 03:46:09.542,441,436,Departed
880,HMM ALGECIRAS,V737E,10,1,2026-01-23 20:15:00,2026-01-23 21:51:01.334,2026-01-25 17:51:01.334,2259,2401,Departed
881,MSC OSCAR,V658E,11,2,2026-01-23 13:30:00,2026-01-23 15:27:31.991,2026-01-24 08:27:31.991,724,760,Departed
882,WAN HAI 805,V174E,11,1,2026-01-23 19:30:00,2026-01-23 20:32:19.057,2026-01-24 13:32:19.057,1583,1489,Departed
883,ZIM ROTTERDAM,V584E,1,1,2026-01-24 21:30:00,2026-01-24 21:34:00.540,2026-01-26 07:34:00.540,810,855,Departed
884,HYUNDAI VICTORY,V899E,8,2,2026-01-24 23:00:00,2026-01-24 23:18:36.006,2026-01-26 00:18:36.006,946,924,Departed
885,YM WISDOM,V158E,8,1,2026-01-25 03:45:00,2026-01-25 05:35:09.886,2026-01-26 20:35:09.886,1700,1673,Departed
886,OOCL HONG KONG,V670E,7,2,2026-01-25 08:15:00,2026-01-25 04:15:00.000,2026-01-26 16:15:00.000,1897,1944,Departed
887,YM WISDOM,V587E,2,1,2026-01-26 05:45:00,2026-01-26 07:08:51.613,2026-01-27 07:08:51.613,1734,1668,Departed
888,ONE APUS,V840E,12,2,2026-01-26 21:15:00,2026-01-26 23:37:58.880,2026-01-28 11:37:58.880,1161,1214,Departed
889,COSCO SHIPPING UNIVERSE,V570E,4,2,2026-01-26 19:45:00,2026-01-26 18:49:25.477,2026-01-28 02:49:25.477,638,637,Departed
890,ZIM ROTTERDAM,V235E,8,1,2026-01-27 01:00:00,2026-01-27 01:32:52.563,2026-01-27 22:32:52.563,2621,2725,Departed
891,ZIM ROTTERDAM,V131E,6,3,2026-01-27 19:45:00,2026-01-27 22:40:00.135,2026-01-29 09:40:00.135,1361,1456,Departed
892,OOCL HONG KONG,V446E,7,2,2026-01-27 15:30:00,2026-01-27 15:58:07.297,2026-01-28 16:58:07.297,1343,1379,Departed
893,HYUNDAI VICTORY,V412E,1,2,2026-01-27 19:45:00,2026-01-27 20:53:17.923,2026-01-28 22:53:17.923,1613,1498,Departed
894,OOCL HONG KONG,V324E,5,1,2026-01-28 19:45:00,2026-01-28 20:29:09.988,2026-01-29 23:29:09.988,657,608,Departed
895,MSC OSCAR,V379E,8,1,2026-01-28 20:30:00,2026-01-28 21:18:30.149,2026-01-30 16:18:30.149,2401,2383,Departed
896,HMM ALGECIRAS,V748E,5,2,2026-01-29 15:45:00,2026-01-29 16:51:30.433,2026-01-31 00:51:30.433,1095,1142,Departed
897,EVER GIVEN,V594E,7,3,2026-01-29 01:30:00,2026-01-28 22:04:23.191,2026-01-30 22:04:23.191,1757,1591,Departed
898,HYUNDAI VICTORY,V681E,11,2,2026-01-29 03:45:00,2026-01-28 23:57:17.880,2026-01-29 21:57:17.880,2620,2417,Departed
899,WAN HAI 805,V334E,8,1,2026-01-29 19:00:00,2026-01-29 20:45:24.416,2026-01-31 19:45:24.416,2525,2461,Departed
900,ONE APUS,V344E,7,2,2026-01-30 19:00:00,2026-01-30 20:14:49.424,2026-02-01 04:14:49.424,1487,1581,Departed
901,OOCL HONG KONG,V799E,12,2,2026-01-30 20:00:00,2026-01-30 19:02:56.211,2026-01-31 21:02:56.211,751,701,Departed
902,CMA CGM MARCO POLO,V910E,6,1,2026-01-30 14:45:00,2026-01-30 14:22:10.182,2026-01-31 22:22:10.182,1235,1288,Departed
903,MAERSK MADRID,V999E,9,2,2026-01-30 12:00:00,2026-01-30 10:16:42.991,2026-02-01 08:16:42.991,2585,2574,Departed
904,COSCO SHIPPING UNIVERSE,V222E,4,3,2026-01-31 03:00:00,2026-01-31 09:01:03.787,2026-02-01 09:01:03.787,1240,1255,Departed
905,COSCO SHIPPING UNIVERSE,V732E,10,3,2026-01-31 04:15:00,2026-01-31 06:00:52.281,2026-02-02 00:00:52.281,2271,2371,Departed
906,COSCO SHIPPING UNIVERSE,V468E,3,3,2026-01-31 19:15:00,2026-01-31 18:29:12.671,2026-02-01 12:29:12.671,1638,1566,Departed
907,YM WISDOM,V350E,3,3,2026-01-31 14:15:00,2026-01-31 16:30:38.246,2026-02-02 09:30:38.246,1847,2001,Departed
908,WAN HAI 805,V134E,11,3,2026-02-01 07:45:00,2026-02-01 05:51:02.120,2026-02-02 06:51:02.120,2114,2095,Departed
909,ZIM ROTTERDAM,V891E,11,3,2026-02-01 19:00:00,2026-02-01 17:06:12.791,2026-02-03 12:06:12.791,2195,2035,Departed
910,CMA CGM MARCO POLO,V624E,8,1,2026-02-01 01:45:00,2026-01-31 23:18:08.786,2026-02-02 05:18:08.786,1996,2054,Departed
911,HYUNDAI VICTORY,V976E,4,2,2026-02-02 18:15:00,2026-02-02 19:42:51.036,2026-02-04 19:42:51.036,1664,1680,Departed
912,MAERSK MADRID,V955E,3,1,2026-02-02 04:00:00,2026-02-02 02:27:07.745,2026-02-03 02:27:07.745,744,786,Departed
913,YM WISDOM,V436E,9,1,2026-02-02 23:30:00,2026-02-02 23:35:02.254,2026-02-04 05:35:02.254,2281,2336,Departed
914,COSCO SHIPPING UNIVERSE,V299E,1,1,2026-02-03 22:15:00,2026-02-03 20:50:05.871,2026-02-05 10:50:05.871,1766,1705,Departed
915,MSC OSCAR,V834E,8,3,2026-02-03 22:00:00,2026-02-03 22:16:56.336,2026-02-04 17:16:56.336,2759,2799,Departed
916,YM WISDOM,V319E,4,2,2026-02-03 13:15:00,2026-02-03 11:52:11.412,2026-02-04 22:52:11.412,1548,1457,Departed
917,MSC OSCAR,V908E,8,2,2026-02-04 05:00:00,2026-02-04 07:21:31.413,2026-02-06 06:21:31.413,2779,2852,Departed
918,HMM ALGECIRAS,V470E,11,1,2026-02-04 07:30:00,2026-02-04 09:24:50.496,2026-02-05 10:24:50.496,883,788,Departed
919,WAN HAI 805,V844E,12,1,2026-02-05 19:45:00,2026-02-05 19:55:11.173,2026-02-06 21:55:11.173,1781,1672,Departed
920,HMM ALGECIRAS,V377E,5,2,2026-02-05 10:15:00,2026-02-05 08:08:33.332,2026-02-05 23:08:33.332,2318,2360,Departed
921,MSC OSCAR,V724E,5,1,2026-02-05 16:15:00,2026-02-05 12:15:00.000,2026-02-06 08:15:00.000,2586,2371,Departed
922,YM WISDOM,V649E,4,2,2026-02-05 07:30:00,2026-02-05 09:24:09.004,2026-02-06 06:24:09.004,1040,1040,Departed
923,MAERSK MADRID,V930E,5,1,2026-02-06 16:30:00,2026-02-06 17:43:43.973,2026-02-08 14:43:43.973,892,830,Departed
924,COSCO SHIPPING UNIVERSE,V667E,8,1,2026-02-06 17:45:00,2026-02-06 16:12:36.517,2026-02-08 01:12:36.517,2534,2271,Departed
925,ONE APUS,V821E,6,2,2026-02-06 21:45:00,2026-02-06 23:25:49.975,2026-02-08 19:25:49.975,2140,2238,Departed
926,ONE APUS,V673E,7,2,2026-02-06 01:45:00,2026-02-05 21:45:00.000,2026-02-07 14:45:00.000,564,548,Departed
927,ONE APUS,V666E,7,1,2026-02-07 01:00:00,2026-02-07 01:22:46.058,2026-02-08 04:22:46.058,1849,1790,Departed
928,OOCL HONG KONG,V406E,5,2,2026-02-07 13:45:00,2026-02-07 17:08:04.508,2026-02-08 12:08:04.508,2439,2425,Departed
929,CMA CGM MARCO POLO,V542E,7,3,2026-02-08 02:15:00,2026-02-08 02:49:20.004,2026-02-09 04:49:20.004,2798,2552,Departed
930,OOCL HONG KONG,V218E,1,2,2026-02-08 08:15:00,2026-02-08 11:07:00.924,2026-02-09 13:07:00.924,2633,2755,Departed
931,MSC OSCAR,V356E,11,3,2026-02-09 06:45:00,2026-02-09 08:05:27.927,2026-02-11 04:05:27.927,1477,1483,Departed
932,HMM ALGECIRAS,V918E,7,2,2026-02-09 03:30:00,2026-02-09 02:53:59.550,2026-02-09 17:53:59.550,2144,2114,Departed
933,HYUNDAI VICTORY,V409E,3,2,2026-02-09 01:45:00,2026-02-09 05:23:45.538,2026-02-10 17:23:45.538,2579,2823,Departed
934,EVER GIVEN,V714E,4,1,2026-02-10 00:00:00,2026-02-09 23:55:42.024,2026-02-11 14:55:42.024,2197,2386,Departed
935,ZIM ROTTERDAM,V928E,8,1,2026-02-10 01:15:00,2026-02-10 00:43:39.265,2026-02-12 00:43:39.265,709,742,Departed
936,EVER GIVEN,V586E,11,1,2026-02-11 00:00:00,2026-02-11 00:27:41.254,2026-02-12 05:27:41.254,1353,1256,Departed
937,CMA CGM MARCO POLO,V173E,6,2,2026-02-11 06:15:00,2026-02-11 05:06:37.503,2026-02-12 18:06:37.503,433,430,Departed
938,EVER GIVEN,V111E,1,3,2026-02-12 04:00:00,2026-02-12 01:09:02.092,2026-02-14 01:09:02.092,517,505,Departed
939,HYUNDAI VICTORY,V447E,4,2,2026-02-12 20:00:00,2026-02-12 19:14:20.615,2026-02-13 11:14:20.615,1464,1376,Departed
940,EVER GIVEN,V535E,5,1,2026-02-13 18:15:00,2026-02-13 17:30:57.404,2026-02-15 08:30:57.404,1523,1433,Departed
941,EVER GIVEN,V350E,8,2,2026-02-13 12:45:00,2026-02-13 11:03:31.125,2026-02-14 11:03:31.125,2393,2385,Departed
942,HMM ALGECIRAS,V717E,12,3,2026-02-14 23:00:00,2026-02-15 00:45:01.678,2026-02-15 23:45:01.678,2343,2454,Departed
943,ONE APUS,V168E,2,3,2026-02-14 00:30:00,2026-02-14 05:15:28.950,2026-02-14 19:15:28.950,2364,2246,Departed
944,MSC OSCAR,V817E,5,2,2026-02-14 06:15:00,2026-02-14 08:59:00.357,2026-02-15 01:59:00.357,1468,1548,Departed
945,COSCO SHIPPING UNIVERSE,V851E,5,1,2026-02-14 08:00:00,2026-02-14 04:40:30.694,2026-02-15 21:40:30.694,1626,1607,Departed
946,HYUNDAI VICTORY,V100E,2,1,2026-02-15 10:45:00,2026-02-15 12:08:43.008,2026-02-17 12:08:43.008,431,408,Departed
947,YM WISDOM,V523E,11,2,2026-02-15 13:45:00,2026-02-15 14:02:49.682,2026-02-17 01:02:49.682,1074,1049,Departed
948,HYUNDAI VICTORY,V182E,9,2,2026-02-16 09:45:00,2026-02-16 09:20:05.769,2026-02-17 04:20:05.769,1863,1920,Departed
949,HMM ALGECIRAS,V118E,11,3,2026-02-16 18:30:00,2026-02-16 17:50:56.380,2026-02-18 13:50:56.380,2711,2517,Departed
950,HYUNDAI VICTORY,V510E,12,2,2026-02-16 07:30:00,2026-02-16 08:16:27.951,2026-02-17 11:16:27.951,2736,2677,Departed
951,YM WISDOM,V618E,3,2,2026-02-16 02:45:00,2026-02-16 04:21:26.952,2026-02-16 21:21:26.952,2647,2748,Departed
952,ONE APUS,V516E,10,1,2026-02-17 15:00:00,2026-02-17 17:50:19.418,2026-02-19 01:50:19.418,1589,1622,Departed
953,ZIM ROTTERDAM,V627E,11,1,2026-02-17 05:00:00,2026-02-17 05:36:51.546,2026-02-19 01:36:51.546,1450,1564,Departed
954,MSC OSCAR,V444E,8,1,2026-02-18 16:15:00,2026-02-18 17:50:13.024,2026-02-20 00:50:13.024,996,1011,Departed
955,MAERSK MADRID,V959E,3,2,2026-02-18 19:00:00,2026-02-18 20:09:53.943,2026-02-19 21:09:53.943,2535,2673,Departed
956,HYUNDAI VICTORY,V518E,2,2,2026-02-18 18:30:00,2026-02-18 17:14:25.347,2026-02-20 14:14:25.347,1746,1816,Departed
957,HMM ALGECIRAS,V837E,4,2,2026-02-19 20:00:00,2026-02-19 20:11:11.236,2026-02-21 04:11:11.236,951,968,Departed
958,MAERSK MADRID,V345E,3,1,2026-02-19 20:30:00,2026-02-19 17:50:45.171,2026-02-21 08:50:45.171,1392,1531,Departed
959,ZIM ROTTERDAM,V697E,4,2,2026-02-19 06:00:00,2026-02-19 02:38:47.339,2026-02-20 05:38:47.339,922,970,Departed
960,ONE APUS,V996E,12,3,2026-02-19 19:00:00,2026-02-19 18:45:17.026,2026-02-20 17:45:17.026,1223,1192,Departed
961,COSCO SHIPPING UNIVERSE,V222E,5,1,2026-02-20 16:45:00,2026-02-20 15:41:31.273,2026-02-21 16:41:31.273,1983,2029,Departed
962,CMA CGM MARCO POLO,V338E,11,2,2026-02-20 08:45:00,2026-02-20 10:56:05.624,2026-02-21 11:56:05.624,1622,1570,Departed
963,COSCO SHIPPING UNIVERSE,V260E,1,2,2026-02-20 14:45:00,2026-02-20 15:01:34.987,2026-02-22 13:01:34.987,2745,2656,Departed
964,ONE APUS,V302E,6,2,2026-02-21 22:00:00,2026-02-21 20:27:57.852,2026-02-23 17:27:57.852,1196,1128,Departed
965,ZIM ROTTERDAM,V374E,2,3,2026-02-21 07:15:00,2026-02-21 05:36:42.555,2026-02-22 03:36:42.555,1956,1940,Departed
966,COSCO SHIPPING UNIVERSE,V678E,1,3,2026-02-22 11:15:00,2026-02-22 10:39:04.173,2026-02-23 11:39:04.173,1817,1718,Departed
967,ONE APUS,V995E,2,2,2026-02-22 07:30:00,2026-02-22 06:26:58.170,2026-02-23 17:26:58.170,701,741,Departed
968,COSCO SHIPPING UNIVERSE,V416E,5,3,2026-02-22 18:30:00,2026-02-22 19:42:57.171,2026-02-23 14:42:57.171,990,984,Departed
969,ONE APUS,V888E,9,1,2026-02-22 02:30:00,2026-02-22 03:33:56.060,2026-02-24 03:33:56.060,1097,1195,Departed
970,HMM ALGECIRAS,V829E,12,1,2026-02-23 05:45:00,2026-02-23 05:28:29.486,2026-02-23 21:28:29.486,1141,1155,Departed
971,CMA CGM MARCO POLO,V523E,2,1,2026-02-23 07:30:00,2026-02-23 09:27:23.400,2026-02-24 14:27:23.400,661,607,Departed
972,ZIM ROTTERDAM,V567E,1,2,2026-02-23 22:15:00,2026-02-23 18:15:00.000,2026-02-24 20:15:00.000,1384,1477,Departed
973,YM WISDOM,V385E,3,2,2026-02-24 05:00:00,2026-02-24 05:30:44.802,2026-02-25 19:30:44.802,2596,2646,Departed
974,MSC OSCAR,V924E,12,2,2026-02-24 09:00:00,2026-02-24 09:43:04.594,2026-02-25 15:43:04.594,522,538,Departed
975,EVER GIVEN,V571E,8,1,2026-02-24 12:45:00,2026-02-24 13:11:44.590,2026-02-26 00:11:44.590,852,782,Departed
976,MAERSK MADRID,V438E,3,3,2026-02-24 11:45:00,2026-02-24 12:36:01.848,2026-02-25 12:36:01.848,2622,2750,Departed
977,OOCL HONG KONG,V358E,4,1,2026-02-25 01:45:00,2026-02-25 00:13:12.109,2026-02-26 17:13:12.109,1004,959,Departed
978,COSCO SHIPPING UNIVERSE,V111E,10,1,2026-02-25 08:15:00,2026-02-25 11:32:06.659,2026-02-26 23:32:06.659,2307,2299,Departed
979,WAN HAI 805,V889E,12,1,2026-02-26 16:45:00,2026-02-26 12:45:00.000,2026-02-28 12:45:00.000,2685,2524,Departed
980,CMA CGM MARCO POLO,V173E,5,1,2026-02-26 17:15:00,2026-02-26 17:19:29.547,2026-02-28 14:19:29.547,2076,2087,Departed
981,COSCO SHIPPING UNIVERSE,V964E,3,2,2026-02-26 13:15:00,2026-02-26 13:48:13.194,2026-02-28 02:48:13.194,455,463,Departed
982,WAN HAI 805,V981E,6,3,2026-02-27 20:15:00,2026-02-27 20:57:30.990,2026-03-01 10:57:30.990,512,499,Departed
983,ONE APUS,V526E,2,1,2026-02-27 01:45:00,2026-02-27 02:47:58.478,2026-02-28 17:47:58.478,1949,1805,Departed
984,OOCL HONG KONG,V124E,12,3,2026-02-28 23:00:00,2026-02-28 21:57:16.188,2026-03-02 00:57:16.188,1015,1052,Departed
985,MSC OSCAR,V780E,4,3,2026-02-28 10:00:00,2026-02-28 09:42:47.956,2026-03-01 09:42:47.956,844,808,Departed
986,HMM ALGECIRAS,V526E,6,2,2026-02-28 00:30:00,2026-02-27 22:19:24.198,2026-03-01 12:19:24.198,761,804,Departed
987,HYUNDAI VICTORY,V345E,9,2,2026-02-28 19:45:00,2026-02-28 20:37:01.554,2026-03-02 07:37:01.554,845,837,Departed
988,MSC OSCAR,V976E,2,2,2026-03-01 09:15:00,2026-03-01 05:15:00.000,2026-03-03 00:15:00.000,1602,1452,Departed
989,OOCL HONG KONG,V870E,4,2,2026-03-01 02:30:00,2026-03-01 05:38:38.683,2026-03-02 20:38:38.683,2719,2780,Departed
990,COSCO SHIPPING UNIVERSE,V328E,8,1,2026-03-02 14:30:00,2026-03-02 14:38:45.485,2026-03-04 09:38:45.485,522,534,Departed
991,MAERSK MADRID,V387E,7,1,2026-03-02 21:00:00,2026-03-02 22:11:34.336,2026-03-04 13:11:34.336,559,592,Departed
992,EVER GIVEN,V416E,1,1,2026-03-02 18:00:00,2026-03-02 18:23:26.469,2026-03-03 09:23:26.469,1825,1877,Departed
993,COSCO SHIPPING UNIVERSE,V726E,11,3,2026-03-03 11:15:00,2026-03-03 10:57:14.323,2026-03-04 05:57:14.323,2152,2224,Departed
994,EVER GIVEN,V732E,7,3,2026-03-03 07:30:00,2026-03-03 09:50:25.315,2026-03-04 23:50:25.315,681,702,Departed
995,CMA CGM MARCO POLO,V997E,11,1,2026-03-04 16:30:00,2026-03-04 12:30:00.000,2026-03-05 10:30:00.000,2707,2605,Departed
996,EVER GIVEN,V384E,5,1,2026-03-04 06:45:00,2026-03-04 07:06:49.908,2026-03-05 03:06:49.908,1051,1044,Departed
997,EVER GIVEN,V725E,6,2,2026-03-05 23:30:00,2026-03-06 00:12:32.106,2026-03-07 00:12:32.106,517,502,Departed
998,CMA CGM MARCO POLO,V369E,3,1,2026-03-05 17:30:00,2026-03-05 13:30:00.000,2026-03-07 08:30:00.000,2373,2310,Departed
999,ONE APUS,V689E,8,1,2026-03-06 08:45:00,2026-03-06 08:34:15.934,2026-03-07 22:34:15.934,1622,1582,Departed
1000,ZIM ROTTERDAM,V619E,2,3,2026-03-06 07:45:00,2026-03-06 06:17:13.510,2026-03-08 00:17:13.510,1766,1831,Departed
1001,YM WISDOM,V183E,7,1,2026-03-06 05:00:00,2026-03-06 05:38:21.594,2026-03-08 00:38:21.594,2143,2255,Departed
1002,HYUNDAI VICTORY,V299E,1,2,2026-03-07 03:30:00,2026-03-07 03:24:30.914,2026-03-08 05:24:30.914,1027,1046,Departed
1003,ONE APUS,V728E,11,1,2026-03-07 03:45:00,2026-03-07 02:15:21.753,2026-03-07 21:15:21.753,983,1033,Departed
1004,EVER GIVEN,V341E,11,2,2026-03-07 11:15:00,2026-03-07 13:09:41.309,2026-03-08 22:09:41.309,2293,2438,Departed
1005,OOCL HONG KONG,V966E,5,3,2026-03-07 10:30:00,2026-03-07 10:04:20.825,2026-03-09 01:04:20.825,550,604,Departed
1006,OOCL HONG KONG,V569E,2,3,2026-03-08 10:00:00,2026-03-08 09:22:29.238,2026-03-09 10:22:29.238,2268,2342,Departed
1007,ONE APUS,V230E,1,2,2026-03-08 14:30:00,2026-03-08 18:47:49.973,2026-03-09 19:47:49.973,609,608,Departed
1008,COSCO SHIPPING UNIVERSE,V790E,3,1,2026-03-08 17:45:00,2026-03-08 18:00:48.934,2026-03-10 00:00:48.934,2184,2193,Departed
1009,MAERSK MADRID,V651E,11,1,2026-03-08 18:00:00,2026-03-08 21:29:41.027,2026-03-10 00:29:41.027,727,738,Departed
1010,OOCL HONG KONG,V606E,10,3,2026-03-09 12:15:00,2026-03-09 12:16:50.980,2026-03-10 08:16:50.980,1133,1157,Departed
1011,MSC OSCAR,V587E,8,1,2026-03-09 08:30:00,2026-03-09 05:18:43.279,2026-03-10 12:18:43.279,2466,2623,Departed
1012,YM WISDOM,V858E,1,1,2026-03-09 09:45:00,2026-03-09 11:37:33.207,2026-03-10 09:37:33.207,621,666,Departed
1013,COSCO SHIPPING UNIVERSE,V217E,6,2,2026-03-10 23:00:00,2026-03-10 23:02:23.083,2026-03-12 12:02:23.083,1896,1960,Departed
1014,YM WISDOM,V327E,9,3,2026-03-10 12:45:00,2026-03-10 17:14:17.581,2026-03-12 15:14:17.581,2741,2696,Departed
1015,OOCL HONG KONG,V817E,9,3,2026-03-10 03:30:00,2026-03-10 04:21:46.664,2026-03-11 15:21:46.664,1568,1700,Departed
1016,YM WISDOM,V332E,9,3,2026-03-11 14:45:00,2026-03-11 13:57:36.563,2026-03-13 05:57:36.563,1688,1721,Departed
1017,MAERSK MADRID,V488E,7,3,2026-03-11 13:15:00,2026-03-11 13:38:27.319,2026-03-13 12:38:27.319,548,490,Departed
1018,MAERSK MADRID,V902E,3,1,2026-03-11 16:00:00,2026-03-11 17:39:16.925,2026-03-13 08:39:16.925,1833,1730,Departed
1019,WAN HAI 805,V957E,5,3,2026-03-11 16:45:00,2026-03-11 14:51:13.186,2026-03-12 11:51:13.186,2598,2525,Departed
1020,ONE APUS,V960E,10,3,2026-03-12 08:45:00,2026-03-12 07:08:06.811,2026-03-13 05:08:06.811,2505,2187,Departed
1021,OOCL HONG KONG,V103E,3,1,2026-03-12 17:30:00,2026-03-12 18:17:23.829,2026-03-13 17:17:23.829,1437,1395,Departed
1022,OOCL HONG KONG,V639E,5,3,2026-03-12 01:00:00,2026-03-11 23:49:00.039,2026-03-12 13:49:00.039,2489,2465,Departed
1023,MAERSK MADRID,V964E,6,3,2026-03-13 02:15:00,2026-03-13 02:15:45.463,2026-03-14 23:15:45.463,1730,1527,Departed
1024,ZIM ROTTERDAM,V751E,12,2,2026-03-13 02:30:00,2026-03-13 02:26:05.636,2026-03-13 22:26:05.636,912,890,Departed
1025,COSCO SHIPPING UNIVERSE,V636E,9,1,2026-03-13 07:00:00,2026-03-13 04:41:52.472,2026-03-14 14:41:52.472,657,614,Departed
1026,MSC OSCAR,V578E,1,2,2026-03-14 14:00:00,2026-03-14 14:04:27.003,2026-03-15 14:04:27.003,419,402,Departed
1027,CMA CGM MARCO POLO,V217E,2,2,2026-03-14 06:30:00,2026-03-14 05:59:06.318,2026-03-15 02:59:06.318,2107,2089,Departed
1028,CMA CGM MARCO POLO,V391E,4,3,2026-03-14 04:00:00,2026-03-14 02:14:12.049,2026-03-16 00:14:12.049,1759,1800,Departed
1029,OOCL HONG KONG,V715E,1,2,2026-03-15 16:45:00,2026-03-15 13:47:30.440,2026-03-17 11:47:30.440,1212,1234,Departed
1030,ONE APUS,V575E,7,2,2026-03-15 06:15:00,2026-03-15 06:00:06.066,2026-03-16 01:00:06.066,2507,2725,Departed
1031,HMM ALGECIRAS,V358E,4,1,2026-03-15 17:30:00,2026-03-15 17:55:06.414,2026-03-17 11:55:06.414,1448,1466,Departed
1032,ONE APUS,V447E,9,1,2026-03-16 10:15:00,2026-03-16 12:40:57.398,2026-03-17 19:40:57.398,1596,1632,Departed
1033,ZIM ROTTERDAM,V181E,1,1,2026-03-16 06:30:00,2026-03-16 08:54:27.908,2026-03-17 14:54:27.908,1471,1471,Departed
1034,ZIM ROTTERDAM,V150E,4,3,2026-03-16 14:00:00,2026-03-16 15:11:26.751,2026-03-18 13:11:26.751,647,637,Departed
1035,COSCO SHIPPING UNIVERSE,V686E,1,3,2026-03-16 14:00:00,2026-03-16 15:03:22.035,2026-03-17 13:03:22.035,725,713,Departed
1036,HMM ALGECIRAS,V531E,9,3,2026-03-17 07:00:00,2026-03-17 04:46:19.463,2026-03-18 01:46:19.463,2475,2579,Departed
1037,YM WISDOM,V665E,5,2,2026-03-17 05:30:00,2026-03-17 04:13:30.626,2026-03-18 09:13:30.626,2233,2295,Departed
1038,CMA CGM MARCO POLO,V399E,3,2,2026-03-17 17:45:00,2026-03-17 17:41:28.773,2026-03-18 13:41:28.773,1016,1006,Departed
1039,CMA CGM MARCO POLO,V579E,2,3,2026-03-18 15:00:00,2026-03-18 14:42:13.557,2026-03-20 06:42:13.557,2586,2567,Departed
1040,OOCL HONG KONG,V808E,9,3,2026-03-18 13:45:00,2026-03-18 17:16:51.679,2026-03-20 02:16:51.679,1135,1199,Departed
1041,HYUNDAI VICTORY,V727E,2,1,2026-03-18 06:00:00,2026-03-18 04:26:31.600,2026-03-19 01:26:31.600,847,801,Departed
1042,OOCL HONG KONG,V676E,9,3,2026-03-18 19:00:00,2026-03-18 18:31:21.141,2026-03-20 07:31:21.141,1344,1233,Departed
1043,YM WISDOM,V356E,7,2,2026-03-19 19:00:00,2026-03-19 19:23:06.477,2026-03-20 18:23:06.477,1470,1412,Departed
1044,CMA CGM MARCO POLO,V137E,11,3,2026-03-19 05:15:00,2026-03-19 07:38:00.138,2026-03-20 08:38:00.138,492,503,Departed
1045,HMM ALGECIRAS,V279E,4,3,2026-03-20 03:45:00,2026-03-20 04:47:46.349,2026-03-22 03:47:46.349,952,1000,Departed
1046,HYUNDAI VICTORY,V557E,6,1,2026-03-20 17:15:00,2026-03-20 19:39:54.783,2026-03-22 06:39:54.783,2751,2658,Departed
1047,CMA CGM MARCO POLO,V403E,7,3,2026-03-20 06:15:00,2026-03-20 10:59:08.907,2026-03-21 09:59:08.907,2631,2673,Departed
1048,ONE APUS,V546E,11,2,2026-03-21 16:15:00,2026-03-21 15:53:15.429,2026-03-22 19:53:15.429,1298,1274,Departed
1049,ONE APUS,V269E,2,2,2026-03-21 04:45:00,2026-03-21 06:39:39.361,2026-03-23 03:39:39.361,2353,2190,Departed
1050,COSCO SHIPPING UNIVERSE,V704E,8,3,2026-03-21 11:30:00,2026-03-21 09:54:41.143,2026-03-23 07:54:41.143,653,703,Departed
1051,WAN HAI 805,V968E,9,2,2026-03-21 11:45:00,2026-03-21 11:52:58.418,2026-03-22 18:52:58.418,1253,1065,Departed
1052,WAN HAI 805,V621E,6,1,2026-03-22 13:15:00,2026-03-22 14:09:50.715,2026-03-23 20:09:50.715,841,833,Departed
1053,OOCL HONG KONG,V371E,6,2,2026-03-22 11:45:00,2026-03-22 10:33:26.231,2026-03-23 23:33:26.231,2005,1976,Departed
1054,WAN HAI 805,V590E,11,2,2026-03-23 20:45:00,2026-03-23 19:56:47.711,2026-03-24 13:56:47.711,626,663,Departed
1055,CMA CGM MARCO POLO,V735E,8,1,2026-03-23 04:15:00,2026-03-23 05:37:02.346,2026-03-24 20:37:02.346,827,840,Departed
1056,COSCO SHIPPING UNIVERSE,V272E,5,1,2026-03-23 20:15:00,2026-03-23 20:26:34.991,2026-03-24 19:26:34.991,614,625,Departed
1057,MAERSK MADRID,V119E,2,1,2026-03-24 14:15:00,2026-03-24 17:20:24.405,2026-03-26 11:20:24.405,1093,1110,Departed
1058,MSC OSCAR,V471E,11,3,2026-03-24 16:45:00,2026-03-24 21:18:05.763,2026-03-25 22:18:05.763,690,691,Departed
1059,WAN HAI 805,V231E,8,3,2026-03-24 16:15:00,2026-03-24 15:05:42.339,2026-03-26 00:05:42.339,1879,1952,Departed
1060,ZIM ROTTERDAM,V362E,4,1,2026-03-25 05:00:00,2026-03-25 07:14:45.085,2026-03-27 01:14:45.085,532,498,Departed
1061,COSCO SHIPPING UNIVERSE,V126E,11,3,2026-03-25 15:30:00,2026-03-25 14:13:22.323,2026-03-26 16:13:22.323,1219,1236,Departed
1062,WAN HAI 805,V418E,10,3,2026-03-25 22:00:00,2026-03-25 20:44:18.469,2026-03-26 11:44:18.469,409,404,Departed
1063,ONE APUS,V893E,9,2,2026-03-25 14:30:00,2026-03-25 11:25:56.959,2026-03-26 05:25:56.959,1877,1754,Departed
1064,ZIM ROTTERDAM,V812E,6,2,2026-03-26 15:15:00,2026-03-26 16:10:05.269,2026-03-27 09:10:05.269,2770,2800,Departed
1065,HYUNDAI VICTORY,V191E,12,3,2026-03-26 15:45:00,2026-03-26 15:22:56.723,2026-03-27 22:22:56.723,1294,1312,Departed
1066,OOCL HONG KONG,V429E,7,3,2026-03-26 06:30:00,2026-03-26 07:05:55.208,2026-03-28 07:05:55.208,2000,1927,Departed
1067,HMM ALGECIRAS,V774E,4,1,2026-03-26 01:30:00,2026-03-26 03:17:40.366,2026-03-27 05:17:40.366,858,916,Departed
1068,MAERSK MADRID,V646E,8,1,2026-03-27 19:15:00,2026-03-27 21:37:39.269,2026-03-29 17:37:39.269,2037,2090,Departed
1069,COSCO SHIPPING UNIVERSE,V989E,8,3,2026-03-27 20:45:00,2026-03-27 18:58:13.238,2026-03-28 15:58:13.238,1142,1175,Departed
1070,HYUNDAI VICTORY,V191E,5,1,2026-03-27 10:30:00,2026-03-27 15:24:56.778,2026-03-28 09:24:56.778,2048,2038,Departed
1071,EVER GIVEN,V558E,1,1,2026-03-28 14:00:00,2026-03-28 10:00:10.550,2026-03-30 10:00:10.550,2075,2186,Departed
1072,ONE APUS,V831E,8,3,2026-03-28 11:00:00,2026-03-28 11:33:44.313,2026-03-30 06:33:44.313,2098,2027,Departed
1073,OOCL HONG KONG,V106E,12,2,2026-03-29 23:00:00,2026-03-29 22:00:43.557,2026-03-31 19:00:43.557,634,579,Departed
1074,WAN HAI 805,V658E,3,3,2026-03-29 02:15:00,2026-03-29 02:12:09.852,2026-03-30 04:12:09.852,1686,1565,Departed
1075,HYUNDAI VICTORY,V310E,5,1,2026-03-30 22:45:00,2026-03-30 20:25:19.998,2026-04-01 20:25:19.998,898,861,Departed
1076,ZIM ROTTERDAM,V857E,4,1,2026-03-30 16:45:00,2026-03-30 21:06:24.693,2026-04-01 08:06:24.693,1660,1708,Departed
